Company_ID,Name,Industry,Stage,Last_Contacted,Program,Total_Funding,Location
C0001,Bowman-Campbell,FinTech,Scaling,2025-07-08,Bootcamp Cohort 2,1378877,"Smithburgh, NY"
C0002,King and Sons,HealthTech,MVP,2025-06-08,Venture Studio,3059593,"Wilsonside, AR"
C0003,"Madden, Leon and Bryant",Robotics,Exited,2025-05-09,Bootcamp Cohort 2,4444869,"West Dustin, MI"
C0004,Spears LLC,CleanTech,MVP,2025-05-07,Pre-Seed Lab,4856277,"Hardintown, PA"
C0005,Melton-Parks,EdTech,Scaling,2025-05-23,Concept to Customer,2245037,"South Hannahstad, NM"
C0006,Ryan-Schroeder,Biotech,Scaling,2025-06-13,Concept to Customer,1113672,"Port Katherinebury, NY"
C0007,Schmidt Group,FinTech,Scaling,2025-07-05,Concept to Customer,3686186,"Dylanstad, NY"
C0008,"Terry, Malone and Taylor",Biotech,Exited,2025-05-31,Pre-Seed Lab,3334922,"Danielstown, LA"
C0009,"Martinez, Stevenson and Robinson",HealthTech,Discovery,2025-06-15,Pre-Seed Lab,1423507,"West Terriburgh, NM"
C0010,"Todd, Thomas and King",AgTech,Scaling,2025-06-20,Bootcamp Cohort 1,3666785,"Whitemouth, CA"
C0011,Olson-Richardson,AgTech,Discovery,2025-06-04,Bootcamp Cohort 1,1440832,"Sextonchester, MA"
C0012,Harvey-Taylor,EdTech,Scaling,2025-05-30,Pre-Seed Lab,3274772,"New Josephfort, PA"
C0013,Wang-Lee,AI,Scaling,2025-05-30,Concept to Customer,3339886,"Morganborough, VT"
C0014,Johnson Inc,Robotics,Scaling,2025-07-11,Bootcamp Cohort 1,1199163,"South Joshuahaven, NC"
C0015,"Goodwin, Pope and Hammond",EdTech,Scaling,2025-05-11,Concept to Customer,2685176,"Ryanhaven, WY"
C0016,Mcintyre Ltd,SaaS,Funded,2025-05-12,Concept to Customer,3967267,"Johnathanbury, NM"
C0017,"Evans, Johnson and Guzman",Robotics,Scaling,2025-07-25,Venture Studio,1756747,"Port Gina, SC"
C0018,"Werner, Mahoney and Matthews",CleanTech,Funded,2025-06-16,Bootcamp Cohort 2,1564619,"Taylorton, NM"
C0019,Gordon LLC,SaaS,MVP,2025-05-31,Bootcamp Cohort 1,1827600,"Lake Jessica, PA"
C0020,Logan Ltd,Biotech,MVP,2025-04-29,Pre-Seed Lab,1106811,"Joanneland, MO"
C0021,"Young, Smith and Vaughn",AgTech,Scaling,2025-07-21,Bootcamp Cohort 1,1658982,"Meganville, SC"
C0022,Benjamin-Mitchell,AI,Exited,2025-05-23,Concept to Customer,3218135,"New Brendanburgh, NV"
C0023,Rodgers-Garcia,EdTech,MVP,2025-07-13,Concept to Customer,2591003,"Bishopville, OR"
C0024,Flores PLC,Biotech,Funded,2025-04-28,Venture Studio,2282822,"New Masonstad, SD"
C0025,Moore PLC,CleanTech,Discovery,2025-06-18,Concept to Customer,65735,"Michaelmouth, OR"
C0026,"Gross, Conway and Gray",AI,Funded,2025-07-06,Concept to Customer,4000252,"Holtview, WA"
C0027,Gregory Inc,HealthTech,Discovery,2025-05-01,Bootcamp Cohort 1,3520470,"Salazarmouth, MA"
C0028,Cooper-Mccall,AgTech,MVP,2025-07-26,Venture Studio,2481094,"West Christophermouth, DE"
C0029,"West, French and Smith",Biotech,Exited,2025-07-04,Venture Studio,2698473,"Port Corey, IN"
C0030,"Nichols, Kramer and Carr",CleanTech,Exited,2025-05-09,Concept to Customer,4415163,"Stewartborough, ID"
C0031,Kramer Inc,AgTech,Discovery,2025-04-30,Concept to Customer,1740203,"Lake Johnberg, LA"
C0032,King-Sanford,FinTech,Discovery,2025-05-08,Bootcamp Cohort 2,531492,"Mooreport, RI"
C0033,Hardin Inc,FinTech,Scaling,2025-05-25,Bootcamp Cohort 1,4266234,"Rachelmouth, NM"
C0034,"Hale, Bates and Obrien",Robotics,MVP,2025-06-18,Venture Studio,1017227,"Wilsonburgh, VT"
C0035,Mann-Wang,FinTech,Discovery,2025-07-12,Bootcamp Cohort 2,439598,"Brenttown, WI"
C0036,"Barnett, Shields and Page",EdTech,Funded,2025-05-12,Pre-Seed Lab,4838695,"West Jennifer, DC"
C0037,Wong-Smith,CleanTech,MVP,2025-06-19,Pre-Seed Lab,1085736,"Collinsside, IN"
C0038,Norton-Nelson,Biotech,Scaling,2025-06-04,Bootcamp Cohort 1,870048,"Michelefurt, IL"
C0039,Allen PLC,AgTech,Scaling,2025-07-26,Concept to Customer,2967648,"Garnermouth, LA"
C0040,"Fry, Watson and Owens",AgTech,MVP,2025-07-07,Venture Studio,2018151,"New David, MD"
C0041,Collier-Gomez,CleanTech,Exited,2025-05-17,Concept to Customer,1377599,"East Patricia, RI"
C0042,"Jacobs, Johnston and Elliott",Biotech,Exited,2025-05-06,Concept to Customer,1100645,"Holtfort, MO"
C0043,"Terrell, Glover and Brown",SaaS,MVP,2025-05-31,Concept to Customer,4339351,"Port Robertshire, NM"
C0044,Greene-Greene,AgTech,Scaling,2025-06-18,Concept to Customer,3297377,"South Matthewbury, IA"
C0045,Taylor and Sons,AgTech,Funded,2025-07-22,Concept to Customer,3616965,"Bethfort, UT"
C0046,"Butler, Massey and Johnson",AI,Scaling,2025-06-12,Venture Studio,4605654,"Rhondahaven, MI"
C0047,Murray PLC,Robotics,Funded,2025-07-18,Bootcamp Cohort 2,2577346,"Curtisstad, ME"
C0048,Gomez Ltd,Robotics,Funded,2025-07-26,Pre-Seed Lab,3370064,"Danielchester, IL"
C0049,Gordon-Bautista,AgTech,Discovery,2025-07-07,Bootcamp Cohort 2,1269722,"Patrickmouth, MD"
C0050,"Sanchez, Poole and Martinez",AgTech,MVP,2025-05-18,Bootcamp Cohort 1,3377476,"Rogersberg, DE"
C0051,"Johnson, Myers and Williams",SaaS,Funded,2025-07-19,Venture Studio,4241915,"Tammieside, LA"
C0052,Morton-Bryan,FinTech,Exited,2025-06-04,Bootcamp Cohort 2,3965850,"Wagnermouth, NC"
C0053,Morris Inc,HealthTech,MVP,2025-07-10,Bootcamp Cohort 2,724103,"Jeffersonfort, DE"
C0054,"Hester, Smith and Hicks",SaaS,Funded,2025-05-24,Bootcamp Cohort 2,1362171,"New Brian, WV"
C0055,Reilly-Donaldson,CleanTech,Scaling,2025-07-06,Pre-Seed Lab,1644656,"Reyesstad, DE"
C0056,Wilson-Friedman,CleanTech,Scaling,2025-07-07,Bootcamp Cohort 1,4984452,"Camposview, TX"
C0057,Thompson-Hill,Robotics,Scaling,2025-06-02,Bootcamp Cohort 1,3775806,"West Richardside, KY"
C0058,Hinton-Werner,Biotech,Funded,2025-07-12,Concept to Customer,3061008,"Port Jennifershire, IN"
C0059,"Davis, Rivers and Shaw",Biotech,Discovery,2025-05-06,Bootcamp Cohort 1,2461172,"Phyllisville, WV"
C0060,"Ellis, Hubbard and Sanders",AgTech,Funded,2025-06-15,Concept to Customer,3524328,"Sextonchester, OH"
C0061,"Medina, White and Smith",SaaS,Exited,2025-07-12,Pre-Seed Lab,4341245,"New Antoniobury, MO"
C0062,Lawrence Inc,Robotics,Exited,2025-06-20,Bootcamp Cohort 2,449799,"East Michellefurt, MI"
C0063,Moore-Martin,AgTech,Exited,2025-07-17,Concept to Customer,1153392,"South Jessica, WA"
C0064,Ali Inc,Robotics,Funded,2025-06-03,Pre-Seed Lab,3012159,"Michaelview, AR"
C0065,Brown-Lee,CleanTech,Discovery,2025-05-18,Pre-Seed Lab,3180897,"Katherineville, AZ"
C0066,Mendez and Sons,FinTech,MVP,2025-05-03,Concept to Customer,4085238,"Davidburgh, IA"
C0067,"Crane, Kelly and Woodward",EdTech,Funded,2025-05-10,Venture Studio,2936459,"East Tiffanybury, GA"
C0068,Carr LLC,CleanTech,MVP,2025-05-28,Pre-Seed Lab,701741,"West Michaelfurt, SD"
C0069,Miller-Sherman,AgTech,MVP,2025-07-20,Pre-Seed Lab,3772627,"Aaronport, GA"
C0070,"Fischer, Galloway and Stein",Robotics,Discovery,2025-07-13,Pre-Seed Lab,3241155,"North Katherine, OK"
C0071,"Wade, Moore and Martin",FinTech,Scaling,2025-06-21,Pre-Seed Lab,3493354,"Port Melinda, ND"
C0072,"Farrell, Thompson and Schneider",CleanTech,Funded,2025-07-24,Venture Studio,3233922,"North Danielmouth, WV"
C0073,Frey Group,FinTech,Scaling,2025-06-11,Concept to Customer,3697437,"Lake Brendaport, NJ"
C0074,Webster Group,Biotech,Discovery,2025-07-21,Bootcamp Cohort 2,857485,"South Kristinbury, IL"
C0075,Goodwin-Smith,SaaS,Funded,2025-07-10,Concept to Customer,816232,"Michaelview, OH"
C0076,Wilson-Johnson,HealthTech,MVP,2025-07-06,Concept to Customer,2256000,"Kellystad, AZ"
C0077,Jones Inc,EdTech,MVP,2025-04-28,Bootcamp Cohort 2,1139390,"Lake Matthewfurt, CO"
C0078,Martin Group,Robotics,MVP,2025-06-15,Venture Studio,563865,"New Briannachester, NE"
C0079,"Phillips, Riggs and Carlson",SaaS,Exited,2025-05-22,Pre-Seed Lab,2722320,"North Kimberly, OK"
C0080,"Austin, Butler and Carter",Biotech,Exited,2025-05-21,Pre-Seed Lab,679605,"Fischerside, NE"
C0081,Powell Inc,HealthTech,Funded,2025-06-01,Concept to Customer,4672073,"Port Erika, MI"
C0082,Howard-Barton,HealthTech,Exited,2025-05-16,Bootcamp Cohort 2,933508,"Robertstad, WY"
C0083,"Flowers, Oconnor and Hester",AI,Discovery,2025-07-22,Bootcamp Cohort 2,296616,"Lisabury, SC"
C0084,Moore-Kline,HealthTech,Discovery,2025-06-09,Bootcamp Cohort 1,3565362,"Santiagoborough, MS"
C0085,Morgan Inc,FinTech,MVP,2025-06-21,Bootcamp Cohort 1,1228582,"Huberbury, VA"
C0086,Smith-Jones,SaaS,Exited,2025-07-23,Concept to Customer,1402500,"Lake Matthewville, WV"
C0087,Jennings PLC,CleanTech,Discovery,2025-07-11,Venture Studio,4404343,"Willisbury, MD"
C0088,Williams-Martinez,Biotech,MVP,2025-07-02,Concept to Customer,3747458,"Justinmouth, CT"
C0089,Lee-Avery,Biotech,Funded,2025-07-09,Concept to Customer,3644401,"Jonesport, ID"
C0090,Harrington-Fleming,EdTech,Funded,2025-06-21,Concept to Customer,788541,"Rubenburgh, AR"
C0091,Arroyo-Hernandez,SaaS,Exited,2025-05-24,Pre-Seed Lab,1653510,"Kathleenhaven, SD"
C0092,Graves Ltd,CleanTech,MVP,2025-06-01,Pre-Seed Lab,794666,"Garciashire, CT"
C0093,Allison LLC,Robotics,MVP,2025-06-26,Bootcamp Cohort 1,4000667,"Tranfurt, MD"
C0094,Lloyd LLC,EdTech,MVP,2025-05-02,Bootcamp Cohort 2,3069487,"South Aaron, IN"
C0095,"Rivera, Pace and Walker",Biotech,Funded,2025-05-12,Pre-Seed Lab,3494713,"New Christopher, NE"
C0096,Martinez-Ramirez,AI,Exited,2025-06-25,Concept to Customer,4593129,"Kelseyburgh, ID"
C0097,Bailey Inc,AgTech,Exited,2025-07-14,Bootcamp Cohort 2,2413471,"Rhondamouth, MI"
C0098,Valdez Ltd,Biotech,MVP,2025-05-15,Concept to Customer,3774508,"North Elizabethmouth, RI"
C0099,Ochoa-Stewart,AgTech,Scaling,2025-06-16,Venture Studio,957540,"Frazierfort, UT"
C0100,"Thompson, Lambert and Brown",SaaS,Scaling,2025-06-28,Concept to Customer,4170810,"North Rebecca, ND"
C0101,"Gibbs, Turner and Jackson",AI,Funded,2025-06-16,Bootcamp Cohort 2,3962541,"Stephanieland, MD"
C0102,Kennedy PLC,AI,Scaling,2025-05-30,Venture Studio,3986982,"South Denise, IN"
C0103,Flowers-Williams,Biotech,MVP,2025-04-30,Bootcamp Cohort 2,1486875,"Kimberlyborough, ND"
C0104,Solomon Inc,FinTech,Funded,2025-07-06,Venture Studio,918245,"North Matthew, MI"
C0105,Johnson Ltd,FinTech,Scaling,2025-07-15,Concept to Customer,4608708,"West Raymondland, NM"
C0106,"Hutchinson, Taylor and Rivera",AI,Discovery,2025-06-16,Venture Studio,4654575,"South Sherri, LA"
C0107,Walsh PLC,AgTech,Exited,2025-06-03,Bootcamp Cohort 1,4639858,"Jenniferbury, WY"
C0108,Garcia-Parker,AI,MVP,2025-07-17,Bootcamp Cohort 1,752816,"South Stevenhaven, MD"
C0109,Gross PLC,HealthTech,MVP,2025-07-03,Bootcamp Cohort 2,4160829,"North Katelyn, RI"
C0110,Brown-Lara,CleanTech,Funded,2025-06-13,Concept to Customer,4804147,"Johnport, TX"
C0111,"Dixon, Delgado and Mathews",EdTech,MVP,2025-06-05,Bootcamp Cohort 1,1505404,"Lake Kevinville, MD"
C0112,Ramos-Glover,CleanTech,Discovery,2025-07-04,Bootcamp Cohort 2,3911345,"East Matthewton, UT"
C0113,Gonzalez-Davis,CleanTech,Scaling,2025-05-06,Bootcamp Cohort 2,2445494,"South Anthonyport, ND"
C0114,"Roman, Johnson and Nelson",HealthTech,MVP,2025-07-11,Venture Studio,3111539,"South Vickiland, WV"
C0115,Wright Group,AI,MVP,2025-06-14,Pre-Seed Lab,3278756,"Richardsonmouth, MD"
C0116,"Ray, Christensen and Lopez",Robotics,Funded,2025-05-31,Concept to Customer,1665876,"South Darrylside, ID"
C0117,Turner and Sons,AgTech,Funded,2025-05-23,Pre-Seed Lab,2557119,"Jasminetown, VT"
C0118,Jones-Daniels,Biotech,Discovery,2025-05-17,Concept to Customer,1715246,"Marvinstad, VA"
C0119,Allen-Chase,HealthTech,MVP,2025-07-22,Bootcamp Cohort 2,3810715,"South Laurie, IN"
C0120,Mack PLC,HealthTech,Discovery,2025-05-03,Pre-Seed Lab,4786387,"Hancockfurt, TX"
C0121,"May, Sweeney and Boyle",SaaS,Exited,2025-05-14,Pre-Seed Lab,1899440,"South Lynnstad, ID"
C0122,"Allen, Callahan and Vargas",Robotics,Discovery,2025-05-24,Bootcamp Cohort 1,4277938,"Michealfurt, ND"
C0123,Barker-Harris,CleanTech,Discovery,2025-07-16,Venture Studio,2944375,"Bryantborough, HI"
C0124,"Watts, Gamble and Craig",EdTech,Scaling,2025-06-12,Concept to Customer,1064053,"North Stacy, OR"
C0125,"Villarreal, May and Marquez",Robotics,Discovery,2025-07-13,Pre-Seed Lab,1719321,"Port Timothyborough, LA"
C0126,Townsend-Schaefer,EdTech,Funded,2025-06-06,Bootcamp Cohort 1,2952136,"New Carmenside, WI"
C0127,Dixon Ltd,Biotech,Funded,2025-06-06,Concept to Customer,2740489,"Lake Jamesmouth, NJ"
C0128,Yates Ltd,SaaS,MVP,2025-04-28,Bootcamp Cohort 1,4363959,"Port Rachel, ND"
C0129,Scott Ltd,Robotics,MVP,2025-06-18,Venture Studio,3480974,"West Nicolehaven, ME"
C0130,Smith-Henderson,SaaS,Exited,2025-05-28,Bootcamp Cohort 2,4484622,"North Williamchester, KY"
C0131,"Taylor, Randall and Hess",Robotics,Scaling,2025-05-15,Venture Studio,1270789,"Sandersborough, DE"
C0132,Anderson-Hodge,AgTech,Discovery,2025-05-18,Pre-Seed Lab,357177,"North Sheila, LA"
C0133,Gibson and Sons,FinTech,Scaling,2025-06-15,Venture Studio,3838297,"Petermouth, IA"
C0134,Porter-Kerr,Biotech,Exited,2025-05-17,Bootcamp Cohort 1,270408,"Tammyview, KS"
C0135,"Nielsen, Diaz and Smith",AgTech,Exited,2025-06-10,Pre-Seed Lab,1813680,"Theresaside, CT"
C0136,Taylor LLC,Biotech,Funded,2025-05-14,Bootcamp Cohort 2,4194921,"Salinasshire, UT"
C0137,George-Mathews,Biotech,Funded,2025-05-21,Concept to Customer,2332201,"West Peter, IA"
C0138,"James, Curry and Butler",Robotics,MVP,2025-05-11,Bootcamp Cohort 2,1953570,"West Robert, TX"
C0139,Coleman Group,AI,Discovery,2025-04-29,Bootcamp Cohort 1,725822,"East Kimberly, IL"
C0140,Schaefer PLC,HealthTech,Funded,2025-05-23,Bootcamp Cohort 1,3481770,"New Marktown, TX"
C0141,Barker LLC,Robotics,Funded,2025-07-07,Venture Studio,729864,"North Biancamouth, AK"
C0142,Hansen Ltd,SaaS,Discovery,2025-05-21,Bootcamp Cohort 1,2330292,"Herreraport, AZ"
C0143,Lee Ltd,CleanTech,Funded,2025-07-01,Bootcamp Cohort 2,4918337,"Lake Joe, IN"
C0144,Davis-Ramirez,AI,Exited,2025-05-04,Pre-Seed Lab,1459468,"East Lindsey, KS"
C0145,Rodriguez Inc,AI,Exited,2025-06-12,Bootcamp Cohort 2,1945948,"Lake Brandi, AL"
C0146,Richards Ltd,SaaS,MVP,2025-06-18,Venture Studio,2546490,"North Blakechester, KY"
C0147,"Jones, Garza and Roman",SaaS,Scaling,2025-05-25,Bootcamp Cohort 2,4005278,"Brownburgh, KS"
C0148,Peters-Thompson,FinTech,Exited,2025-05-25,Pre-Seed Lab,4665396,"Contrerasburgh, OH"
C0149,Olsen and Sons,EdTech,Funded,2025-05-10,Bootcamp Cohort 1,4605821,"Lake Steven, MA"
C0150,Little-Blankenship,AI,MVP,2025-06-04,Pre-Seed Lab,1523900,"Kevinberg, LA"
C0151,Wise LLC,Biotech,Funded,2025-06-23,Pre-Seed Lab,4133433,"Frostmouth, CT"
C0152,"Baker, Turner and Hahn",FinTech,MVP,2025-06-04,Bootcamp Cohort 2,3037113,"Loriview, AL"
C0153,Peterson Group,AI,Exited,2025-07-12,Bootcamp Cohort 2,2796390,"Christopherport, ME"
C0154,Miller LLC,CleanTech,Scaling,2025-07-20,Pre-Seed Lab,3327825,"New Angelashire, KY"
C0155,"Chambers, Clarke and Smith",Biotech,Exited,2025-07-26,Bootcamp Cohort 1,4217595,"Lake William, WY"
C0156,Hartman and Sons,CleanTech,Discovery,2025-05-30,Concept to Customer,4952509,"Port Jamesburgh, AZ"
C0157,"Jennings, Simmons and Cortez",SaaS,Discovery,2025-05-16,Bootcamp Cohort 2,2731958,"Port Nicholas, AL"
C0158,"Johnson, Poole and Moore",CleanTech,Exited,2025-06-24,Bootcamp Cohort 1,3754931,"Leonburgh, TN"
C0159,"Stein, Yang and Donaldson",Biotech,MVP,2025-05-22,Bootcamp Cohort 2,4340830,"East John, OH"
C0160,Webb-Reyes,AgTech,Discovery,2025-05-27,Concept to Customer,260409,"New Ashleyberg, KS"
C0161,Garcia-Jenkins,EdTech,Exited,2025-07-19,Venture Studio,2538414,"East Robertomouth, NJ"
C0162,Taylor LLC,AgTech,MVP,2025-05-11,Concept to Customer,3671125,"Lake Hannahland, ND"
C0163,"Moore, Frank and Anderson",SaaS,Scaling,2025-07-02,Bootcamp Cohort 1,4640583,"South Diana, KY"
C0164,"Frank, Haney and Jackson",FinTech,Funded,2025-05-06,Bootcamp Cohort 1,3750465,"Codyburgh, NH"
C0165,Williams-Santiago,AI,Scaling,2025-05-10,Pre-Seed Lab,4144434,"Kimberlytown, MO"
C0166,Gardner-Bennett,Robotics,Funded,2025-06-08,Bootcamp Cohort 2,3279951,"New Danielville, MS"
C0167,Johnson Group,Biotech,MVP,2025-04-29,Pre-Seed Lab,434057,"Lake Veronicaside, WV"
C0168,Hardy LLC,EdTech,Exited,2025-07-23,Concept to Customer,3683586,"Port Marthashire, AR"
C0169,"Swanson, Mosley and Hamilton",Robotics,MVP,2025-05-29,Bootcamp Cohort 2,1172557,"Reedhaven, MI"
C0170,Thomas Ltd,CleanTech,MVP,2025-07-24,Venture Studio,1508866,"Port Billyberg, WA"
C0171,"Douglas, Thomas and Barry",EdTech,Scaling,2025-06-04,Pre-Seed Lab,958833,"Sheilaborough, MO"
C0172,Reed-Tapia,HealthTech,MVP,2025-06-07,Concept to Customer,1488274,"South Allen, NV"
C0173,Medina-Carr,HealthTech,MVP,2025-05-05,Pre-Seed Lab,1928957,"Romanborough, ND"
C0174,"Shields, Villanueva and White",Robotics,Discovery,2025-07-17,Concept to Customer,3766257,"Port David, CO"
C0175,"Boyd, Burns and Guerrero",SaaS,Discovery,2025-05-17,Pre-Seed Lab,1743029,"Wigginsfurt, MI"
C0176,Hood Group,AgTech,Discovery,2025-07-14,Bootcamp Cohort 1,2634516,"Taylortown, MO"
C0177,Weeks Inc,Biotech,Exited,2025-05-25,Concept to Customer,1956398,"Lake Karenshire, DC"
C0178,Kennedy Inc,AgTech,Exited,2025-05-06,Venture Studio,3683286,"Port Dawn, DE"
C0179,Hayes-Bailey,HealthTech,Scaling,2025-05-31,Pre-Seed Lab,1329227,"Halefurt, WA"
C0180,Ayers Ltd,CleanTech,Funded,2025-07-07,Concept to Customer,2176540,"New Rogerville, MT"
C0181,"Johnson, Ho and Rivera",AI,Discovery,2025-07-23,Venture Studio,2867500,"Johnfort, GA"
C0182,Campos-Miller,Robotics,Scaling,2025-07-09,Bootcamp Cohort 1,1928237,"Hallstad, VT"
C0183,"Fields, Burke and Duncan",HealthTech,Scaling,2025-05-20,Bootcamp Cohort 1,2722201,"West Sara, CT"
C0184,Strickland-Chavez,EdTech,Discovery,2025-05-31,Concept to Customer,656468,"Port Kelly, CO"
C0185,Wolfe PLC,AI,Discovery,2025-07-10,Concept to Customer,4087550,"Benjamintown, RI"
C0186,Barnett and Sons,Biotech,Discovery,2025-05-10,Bootcamp Cohort 2,457269,"East Maria, NJ"
C0187,Koch Inc,Robotics,Funded,2025-06-15,Bootcamp Cohort 2,2615959,"Josephborough, CA"
C0188,Campbell-Baker,AI,Discovery,2025-06-21,Bootcamp Cohort 1,4276653,"Lake Joshua, IN"
C0189,Spencer Group,HealthTech,Exited,2025-05-15,Concept to Customer,2672551,"East Stephenstad, AR"
C0190,Trujillo-Bowman,CleanTech,Funded,2025-07-09,Bootcamp Cohort 1,3297893,"North Erica, PA"
C0191,"Moody, Reilly and Willis",Biotech,Scaling,2025-06-18,Bootcamp Cohort 1,2632108,"Zacharyland, MN"
C0192,"Smith, Wise and James",HealthTech,Exited,2025-06-10,Bootcamp Cohort 2,3011729,"West Claireport, MA"
C0193,"Oliver, Chambers and Byrd",EdTech,Scaling,2025-05-28,Concept to Customer,2143961,"Sandraside, MO"
C0194,Harris Inc,Biotech,MVP,2025-06-03,Bootcamp Cohort 1,837837,"Mckeefurt, CT"
C0195,Gibson and Sons,Robotics,Exited,2025-07-09,Bootcamp Cohort 2,3087594,"Garciashire, WA"
C0196,Moore-Chavez,EdTech,MVP,2025-06-05,Pre-Seed Lab,1067307,"Fordport, MI"
C0197,Thompson Ltd,FinTech,Funded,2025-06-11,Bootcamp Cohort 1,3816761,"Mariaside, ID"
C0198,Walker PLC,AI,MVP,2025-06-19,Pre-Seed Lab,4909195,"South Elizabethhaven, NC"
C0199,Butler and Sons,Biotech,Discovery,2025-07-25,Pre-Seed Lab,748208,"West Amybury, AR"
C0200,Yates-Gonzales,Biotech,MVP,2025-07-22,Pre-Seed Lab,3815169,"Port Jenniferburgh, CA"
C0201,Ponce-Monroe,Biotech,Funded,2025-05-02,Pre-Seed Lab,4469718,"Port Vickifort, CO"
C0202,Smith-Chavez,CleanTech,Funded,2025-06-16,Pre-Seed Lab,4487944,"West Cody, NY"
C0203,Owens Ltd,SaaS,Funded,2025-05-18,Bootcamp Cohort 2,585068,"West Julietown, MD"
C0204,Silva-Henderson,AI,MVP,2025-06-26,Bootcamp Cohort 2,3570363,"Port William, CA"
C0205,Giles-Calhoun,HealthTech,MVP,2025-05-21,Bootcamp Cohort 1,2413216,"West Maria, IA"
C0206,"Gallegos, Wilson and Henderson",AgTech,Discovery,2025-06-20,Pre-Seed Lab,4033779,"Allisonchester, NM"
C0207,Gonzales-Hernandez,EdTech,Scaling,2025-05-13,Bootcamp Cohort 1,1200229,"Griffinberg, NC"
C0208,White-Hill,Robotics,Discovery,2025-07-05,Bootcamp Cohort 1,554380,"Lake Alexisbury, NM"
C0209,Meza Group,CleanTech,Exited,2025-07-13,Concept to Customer,1372225,"Margaretmouth, OH"
C0210,Adams-Gonzalez,Biotech,Discovery,2025-05-16,Bootcamp Cohort 1,876116,"West Jesseborough, SD"
C0211,Mckee LLC,Robotics,Funded,2025-05-31,Pre-Seed Lab,2793004,"Nicholasbury, NY"
C0212,Blankenship Group,Robotics,Discovery,2025-06-18,Pre-Seed Lab,2964691,"New Laura, CO"
C0213,Allen and Sons,AgTech,Discovery,2025-07-08,Concept to Customer,4008625,"East Danielborough, WY"
C0214,Green PLC,AgTech,Exited,2025-06-10,Venture Studio,1728079,"New Toddtown, ND"
C0215,Gilmore Inc,SaaS,Discovery,2025-06-09,Concept to Customer,1787835,"Bennettville, AL"
C0216,James Inc,FinTech,MVP,2025-05-04,Venture Studio,2548688,"Port Heather, GA"
C0217,"Arnold, Miller and Merritt",AI,Discovery,2025-06-03,Pre-Seed Lab,458051,"Jenniferhaven, TN"
C0218,"Patrick, Obrien and Miller",SaaS,Discovery,2025-07-22,Concept to Customer,2509026,"Nicholasstad, WY"
C0219,"Davis, Fitzgerald and Adams",SaaS,Exited,2025-05-03,Concept to Customer,820306,"East Allen, PA"
C0220,Hall-Stone,Robotics,Exited,2025-07-02,Pre-Seed Lab,4916539,"South Destiny, AR"
C0221,Nelson Group,CleanTech,Funded,2025-06-12,Concept to Customer,3212678,"Thomasmouth, NM"
C0222,"Owens, Flores and Roberts",AgTech,Scaling,2025-04-28,Bootcamp Cohort 2,1764730,"Townsendmouth, NJ"
C0223,Jones-Hebert,AgTech,Funded,2025-06-02,Bootcamp Cohort 1,3532926,"Hofurt, MN"
C0224,Thomas and Sons,Robotics,Funded,2025-07-24,Bootcamp Cohort 1,127504,"Lake Kimmouth, IA"
C0225,Escobar-Wells,CleanTech,Scaling,2025-07-15,Concept to Customer,421138,"South Brittany, KY"
C0226,"Leblanc, Hayes and Hansen",AI,Scaling,2025-07-15,Concept to Customer,2342546,"North Robert, OK"
C0227,Reyes Group,FinTech,Exited,2025-07-02,Pre-Seed Lab,1561748,"Lake Jenny, MT"
C0228,Johnston PLC,AgTech,Discovery,2025-07-12,Concept to Customer,1664230,"Smithshire, VT"
C0229,Logan Inc,AgTech,Scaling,2025-05-26,Bootcamp Cohort 2,1342202,"New Mollymouth, IA"
C0230,Mckinney Inc,HealthTech,Discovery,2025-07-07,Venture Studio,291345,"Port Tammie, CT"
C0231,Schmidt PLC,EdTech,Discovery,2025-04-29,Pre-Seed Lab,3349789,"Smithside, WI"
C0232,"Ellis, Snow and Burns",AgTech,Exited,2025-06-29,Bootcamp Cohort 2,4597136,"New Robin, NV"
C0233,"Allen, Jensen and Thomas",CleanTech,Scaling,2025-05-13,Bootcamp Cohort 1,1289164,"East Kristenland, OR"
C0234,Brady-Wright,FinTech,Exited,2025-05-22,Bootcamp Cohort 1,1950798,"Williamstown, MT"
C0235,"Robinson, Taylor and Gonzales",HealthTech,Discovery,2025-05-08,Concept to Customer,4505358,"North Andreaville, MA"
C0236,"Johnson, Wright and White",AgTech,Discovery,2025-07-04,Bootcamp Cohort 2,3638432,"East Mia, TX"
C0237,"Adams, Mcintyre and Sanders",HealthTech,Funded,2025-06-25,Venture Studio,3603204,"Rachelhaven, NH"
C0238,"Neal, Foster and Price",Biotech,MVP,2025-07-13,Pre-Seed Lab,3778401,"Brianfurt, AL"
C0239,"Perez, Stewart and Ramirez",SaaS,Exited,2025-05-21,Bootcamp Cohort 1,4128565,"Wilsontown, IA"
C0240,"Fletcher, Sutton and Jones",Robotics,MVP,2025-05-17,Pre-Seed Lab,4377997,"West Brandi, MA"
C0241,May-Cook,SaaS,Funded,2025-07-11,Bootcamp Cohort 1,1829681,"Lewisshire, MI"
C0242,"Richardson, Little and Alexander",AgTech,Exited,2025-04-30,Bootcamp Cohort 2,3490673,"Melissashire, TX"
C0243,Mitchell Ltd,HealthTech,Scaling,2025-05-19,Bootcamp Cohort 2,2753957,"East Sherryfurt, AL"
C0244,Arnold-Brown,CleanTech,Exited,2025-05-21,Pre-Seed Lab,2552263,"New Christineside, LA"
C0245,Alvarado-Ochoa,SaaS,MVP,2025-05-31,Pre-Seed Lab,3940811,"Davischester, NH"
C0246,Andrews LLC,AI,Exited,2025-07-15,Concept to Customer,2040861,"Pierceside, NC"
C0247,"Kaiser, Fowler and Ortiz",FinTech,Funded,2025-06-02,Bootcamp Cohort 2,4806346,"Sanchezbury, WA"
C0248,"Mullen, Scott and Webster",AgTech,Exited,2025-06-25,Bootcamp Cohort 1,1575942,"Wheelerchester, RI"
C0249,"Ortiz, Mcdonald and Willis",CleanTech,Discovery,2025-06-03,Venture Studio,1329039,"New Lori, DE"
C0250,Baker-Richardson,CleanTech,MVP,2025-07-10,Concept to Customer,4926235,"West Jessicaberg, NE"
C0251,Bryant Ltd,AgTech,Scaling,2025-07-23,Bootcamp Cohort 1,1908529,"East Ryantown, NJ"
C0252,"Lawrence, Miller and Dominguez",AgTech,MVP,2025-06-20,Bootcamp Cohort 1,266851,"Barbaratown, IN"
C0253,Moore-Clark,Robotics,Scaling,2025-07-15,Venture Studio,155319,"Lake Ericamouth, CA"
C0254,"Patel, Myers and Schneider",AgTech,Discovery,2025-06-23,Bootcamp Cohort 2,2359169,"West Alexandrastad, MN"
C0255,Cain-Hunter,Biotech,Funded,2025-05-22,Concept to Customer,4581265,"West Dustin, MD"
C0256,Mcgrath-Scott,FinTech,Funded,2025-05-17,Pre-Seed Lab,100956,"Michellemouth, NM"
C0257,"Farley, Gordon and Alexander",SaaS,Exited,2025-07-18,Venture Studio,3811333,"Jenkinsport, NE"
C0258,Dixon PLC,CleanTech,MVP,2025-06-05,Concept to Customer,4303187,"Port Tonyaburgh, NH"
C0259,Benson PLC,FinTech,Discovery,2025-07-21,Bootcamp Cohort 1,1728776,"Omarburgh, KS"
C0260,"Taylor, Moore and Lee",Robotics,Scaling,2025-06-25,Bootcamp Cohort 1,2309906,"South Larry, AZ"
C0261,Brown-Cannon,Robotics,Scaling,2025-07-25,Bootcamp Cohort 2,4368482,"West Shaunchester, OK"
C0262,"Murray, Potter and Ingram",FinTech,Funded,2025-07-15,Bootcamp Cohort 1,2373769,"Lloydbury, HI"
C0263,Lee PLC,Robotics,Discovery,2025-06-28,Venture Studio,3637802,"East Juliehaven, RI"
C0264,Mitchell LLC,SaaS,Discovery,2025-06-08,Pre-Seed Lab,668518,"Lake Chelsea, AR"
C0265,"Williams, Osborne and Davis",EdTech,Exited,2025-05-11,Pre-Seed Lab,819487,"East Ryan, CA"
C0266,"Acosta, Mcdonald and Johnson",Robotics,Scaling,2025-06-17,Pre-Seed Lab,1529452,"Tonyaside, WY"
C0267,Stewart and Sons,AI,Scaling,2025-06-08,Bootcamp Cohort 1,406949,"Simmonsville, WA"
C0268,Kelly-Wilson,CleanTech,Exited,2025-05-03,Bootcamp Cohort 1,3690947,"New Deannastad, MD"
C0269,Jackson Ltd,AgTech,Funded,2025-06-10,Concept to Customer,1660964,"Shannonmouth, AZ"
C0270,Rodriguez LLC,SaaS,MVP,2025-05-03,Concept to Customer,3644100,"Laurashire, ND"
C0271,Mckay Group,SaaS,Funded,2025-05-20,Bootcamp Cohort 1,1385044,"Thomasview, AR"
C0272,Torres-Torres,FinTech,MVP,2025-07-15,Bootcamp Cohort 1,4319371,"Lake Mariaville, PA"
C0273,Boone-Moody,Robotics,Funded,2025-07-03,Venture Studio,2164519,"Port Tracyfurt, RI"
C0274,Evans LLC,CleanTech,Funded,2025-06-03,Concept to Customer,3029596,"Jenniferland, HI"
C0275,Lutz Inc,Robotics,MVP,2025-07-22,Venture Studio,733913,"Lopezstad, NC"
C0276,"Mcdonald, King and Marquez",Biotech,Exited,2025-06-05,Pre-Seed Lab,121534,"Lake Edwardburgh, MA"
C0277,Lynch PLC,AI,MVP,2025-06-16,Bootcamp Cohort 1,3618025,"North Amanda, AZ"
C0278,"Barajas, Barber and King",Robotics,MVP,2025-07-24,Concept to Customer,721079,"East Mary, NE"
C0279,Adams-Baker,CleanTech,Exited,2025-06-03,Concept to Customer,3094528,"South Bethanyside, IA"
C0280,Thomas Ltd,FinTech,Discovery,2025-05-15,Pre-Seed Lab,1921631,"Douglasstad, IA"
C0281,Bell-Rivas,FinTech,Scaling,2025-05-23,Venture Studio,4302240,"Port Joseph, GA"
C0282,Bradley LLC,SaaS,MVP,2025-05-30,Concept to Customer,2943218,"East Patricia, ND"
C0283,Robbins-Johnson,AI,Discovery,2025-05-26,Concept to Customer,4958303,"Websterborough, MD"
C0284,"Hayes, Meyers and Strickland",Biotech,Funded,2025-05-25,Venture Studio,554182,"Bakerside, PA"
C0285,"Brooks, Castro and Garza",CleanTech,Scaling,2025-06-26,Bootcamp Cohort 1,4645259,"Cantutown, LA"
C0286,Mills-Munoz,Biotech,Scaling,2025-06-27,Concept to Customer,2907371,"Johnsonfurt, IA"
C0287,Lopez-Hall,CleanTech,Exited,2025-07-01,Bootcamp Cohort 2,1939118,"North Rebeccamouth, OR"
C0288,Lowe-Oliver,FinTech,Discovery,2025-07-19,Concept to Customer,1644068,"Richardshaven, MD"
C0289,Pierce-Wood,Robotics,Exited,2025-06-16,Bootcamp Cohort 1,4759472,"Lake Keithhaven, OK"
C0290,"Smith, Washington and Perry",AgTech,Funded,2025-05-31,Venture Studio,3627614,"East Jonathanberg, MS"
C0291,Huynh-Porter,CleanTech,Funded,2025-06-05,Venture Studio,2640426,"Lake Rebecca, MT"
C0292,"Glass, Kelly and Burton",CleanTech,Funded,2025-05-19,Bootcamp Cohort 1,4078899,"North Loganbury, DC"
C0293,Smith and Sons,EdTech,Scaling,2025-05-23,Concept to Customer,4570198,"East Jessicafort, DE"
C0294,Barnes-Pitts,Biotech,MVP,2025-06-09,Concept to Customer,1348617,"Mitchellbury, OR"
C0295,Shea-Hess,CleanTech,Discovery,2025-06-02,Concept to Customer,4559958,"South Kimberlyburgh, GA"
C0296,Trevino LLC,AI,Exited,2025-07-11,Venture Studio,2651726,"New Timothyport, MD"
C0297,Robinson-Wheeler,AgTech,Discovery,2025-07-25,Concept to Customer,3160680,"South Jesus, NE"
C0298,"Gross, Williams and Caldwell",FinTech,Funded,2025-05-18,Bootcamp Cohort 2,2566547,"Brianstad, CA"
C0299,"Kelley, Douglas and Stewart",SaaS,Exited,2025-06-24,Bootcamp Cohort 1,3311774,"North Crystal, VA"
C0300,"James, Massey and Cruz",SaaS,Scaling,2025-05-04,Bootcamp Cohort 2,4530662,"Jefferymouth, TN"
C0301,"Christensen, Morris and Taylor",AgTech,Scaling,2025-06-06,Venture Studio,824309,"Davidstad, NM"
C0302,Weber and Sons,HealthTech,Scaling,2025-06-05,Pre-Seed Lab,1628372,"Burkestad, MA"
C0303,"Estrada, Williams and Smith",SaaS,Funded,2025-07-10,Bootcamp Cohort 2,4791900,"West Sherri, MD"
C0304,"Lane, Parker and Waller",Robotics,Scaling,2025-07-23,Pre-Seed Lab,2442351,"West David, OH"
C0305,Howard-Carlson,Robotics,Exited,2025-05-14,Pre-Seed Lab,473003,"New Cynthiachester, VT"
C0306,Jones-Goodwin,FinTech,Discovery,2025-07-15,Bootcamp Cohort 2,394103,"West Deborahbury, VT"
C0307,"Chambers, Diaz and Roth",EdTech,MVP,2025-07-08,Bootcamp Cohort 2,87793,"Stevenville, AL"
C0308,Mitchell Inc,EdTech,Exited,2025-07-20,Concept to Customer,4308885,"South Patricia, UT"
C0309,"Young, Mcpherson and Hunt",CleanTech,Discovery,2025-07-22,Bootcamp Cohort 1,1009557,"New Tiffanyside, NY"
C0310,Horne-Pena,CleanTech,Exited,2025-05-23,Bootcamp Cohort 1,4920879,"New Kevinville, NM"
C0311,Rodriguez-Wade,SaaS,Funded,2025-07-21,Bootcamp Cohort 1,2904016,"Port Christianhaven, AZ"
C0312,Jackson-Garrett,SaaS,Discovery,2025-07-09,Pre-Seed Lab,592425,"Port Lori, MS"
C0313,Holmes-Stewart,CleanTech,MVP,2025-05-13,Pre-Seed Lab,2335123,"Lake Shaun, MD"
C0314,"Knight, Gonzalez and Rasmussen",Biotech,Funded,2025-07-15,Concept to Customer,2332454,"Lake Nathanchester, CO"
C0315,Whitaker-Robinson,AgTech,Funded,2025-05-25,Venture Studio,2387756,"Cathyfort, TX"
C0316,Nunez-Smith,Biotech,MVP,2025-06-10,Bootcamp Cohort 2,3378144,"South Margaret, SD"
C0317,"Powers, Acosta and Salazar",Biotech,Discovery,2025-07-25,Bootcamp Cohort 2,2227749,"Robertfort, WI"
C0318,Zimmerman Group,SaaS,Scaling,2025-05-02,Bootcamp Cohort 1,1773194,"Kellyland, NC"
C0319,Carpenter-Ellis,FinTech,Exited,2025-05-16,Bootcamp Cohort 2,3184186,"Millerborough, NY"
C0320,Rodriguez Inc,Biotech,MVP,2025-05-26,Bootcamp Cohort 1,3875538,"South Robert, HI"
C0321,Clark Inc,Biotech,MVP,2025-07-26,Pre-Seed Lab,1858312,"Port Andrea, MI"
C0322,Rios-Estes,CleanTech,Exited,2025-06-18,Bootcamp Cohort 1,2834525,"North Linda, OH"
C0323,"Perez, Jackson and Ryan",CleanTech,Discovery,2025-06-18,Bootcamp Cohort 1,1512417,"New Angela, WI"
C0324,"Vega, Lewis and Foster",CleanTech,Funded,2025-06-26,Bootcamp Cohort 1,1425265,"Lake Theresaborough, NY"
C0325,"Boyd, Smith and Gibbs",Robotics,Exited,2025-07-20,Venture Studio,1293129,"Robertmouth, NH"
C0326,"Long, Lang and Snyder",CleanTech,MVP,2025-06-22,Concept to Customer,2674045,"North Alexanderland, CO"
C0327,Carroll-Reyes,SaaS,MVP,2025-07-08,Bootcamp Cohort 2,3437675,"Greenchester, LA"
C0328,Butler-Woodward,FinTech,MVP,2025-05-18,Bootcamp Cohort 1,3649400,"Maxwellport, IA"
C0329,Schroeder LLC,Robotics,Discovery,2025-06-09,Pre-Seed Lab,342131,"East Bryanton, CO"
C0330,"Garcia, Adams and Moore",HealthTech,MVP,2025-06-18,Concept to Customer,240921,"Port Heatherview, OR"
C0331,Khan-Riley,Robotics,Scaling,2025-07-10,Pre-Seed Lab,4349755,"Lake Erica, HI"
C0332,Potter Inc,Biotech,Scaling,2025-05-31,Pre-Seed Lab,944846,"Thomasville, NM"
C0333,Molina-Myers,EdTech,MVP,2025-07-20,Pre-Seed Lab,518598,"Markton, CO"
C0334,Moore PLC,EdTech,Discovery,2025-07-12,Concept to Customer,3805248,"North Melissa, SC"
C0335,"Wilson, Carter and Nelson",SaaS,MVP,2025-05-03,Concept to Customer,4060905,"Aaronbury, MA"
C0336,White-James,EdTech,Funded,2025-07-07,Bootcamp Cohort 2,3952135,"Jonestown, NM"
C0337,Williams and Sons,CleanTech,Funded,2025-05-12,Venture Studio,1918736,"Vincentview, CT"
C0338,Taylor-Roberson,CleanTech,Funded,2025-07-07,Bootcamp Cohort 1,1432280,"Lake Ashleyhaven, MO"
C0339,Lynch-Wheeler,EdTech,MVP,2025-07-10,Bootcamp Cohort 1,1077424,"West Anitamouth, NJ"
C0340,Odonnell PLC,Biotech,Discovery,2025-04-28,Pre-Seed Lab,4979780,"Jackberg, RI"
C0341,Lee Group,EdTech,Scaling,2025-06-07,Venture Studio,2657908,"East Heather, VT"
C0342,Beck-Patterson,FinTech,MVP,2025-06-20,Pre-Seed Lab,283388,"Harpershire, NH"
C0343,"Rodriguez, Chambers and Bender",HealthTech,Discovery,2025-05-24,Bootcamp Cohort 2,3063523,"Lake Jamesbury, VA"
C0344,Ibarra Group,FinTech,Funded,2025-05-12,Venture Studio,1693943,"Port Ashlee, LA"
C0345,"Simpson, Rollins and Hodges",Biotech,Discovery,2025-05-14,Venture Studio,2366651,"Johnton, VA"
C0346,Estrada Ltd,AgTech,Scaling,2025-06-07,Concept to Customer,4500195,"New Jessica, VA"
C0347,"Neal, Steele and Hancock",AgTech,Funded,2025-05-06,Concept to Customer,859354,"New Tristan, IN"
C0348,Holmes PLC,HealthTech,Funded,2025-07-05,Pre-Seed Lab,4080024,"South Jasonshire, CO"
C0349,"Jordan, Chambers and Thompson",CleanTech,Discovery,2025-06-03,Venture Studio,3969818,"North Abigailmouth, KS"
C0350,"Harris, Wilkinson and Reyes",CleanTech,Discovery,2025-06-06,Bootcamp Cohort 1,4985727,"North Jacksonstad, KY"
C0351,"Flowers, Daniel and Alvarado",AgTech,MVP,2025-05-27,Bootcamp Cohort 2,2287054,"New Claudiamouth, DE"
C0352,Gentry-Gibson,Robotics,Exited,2025-07-09,Pre-Seed Lab,557148,"Murrayville, LA"
C0353,"Lee, Ayala and Garrett",AgTech,Funded,2025-07-22,Venture Studio,307726,"East Dillonfort, WA"
C0354,Potter-Butler,AgTech,Discovery,2025-05-01,Venture Studio,1225091,"Douglasfort, ND"
C0355,"Mann, Cuevas and Garrett",EdTech,Discovery,2025-07-09,Concept to Customer,4254731,"West Leslieburgh, VT"
C0356,"Nelson, Howard and Alexander",CleanTech,Funded,2025-06-23,Pre-Seed Lab,3025192,"East Joshua, OK"
C0357,Thomas LLC,CleanTech,MVP,2025-07-26,Venture Studio,1398872,"Jameston, ID"
C0358,Lambert Group,FinTech,Discovery,2025-05-01,Concept to Customer,2273420,"East Stephanie, IA"
C0359,Foster-Roman,AI,Funded,2025-05-06,Bootcamp Cohort 2,1458362,"Ryanville, WY"
C0360,Jackson-Osborn,SaaS,Scaling,2025-04-28,Bootcamp Cohort 1,2506704,"East Brittany, MD"
C0361,Walker-Schmidt,SaaS,Scaling,2025-05-13,Bootcamp Cohort 1,1919323,"Taraborough, WV"
C0362,Shaw-Munoz,CleanTech,Discovery,2025-06-04,Venture Studio,1036830,"North Georgeland, VA"
C0363,Watson Group,AI,Funded,2025-05-24,Venture Studio,2470181,"North Rebecca, IL"
C0364,Smith-Taylor,CleanTech,Funded,2025-07-07,Pre-Seed Lab,2931442,"Deborahport, MD"
C0365,Graham and Sons,FinTech,Exited,2025-07-10,Concept to Customer,3048759,"New Tammy, OH"
C0366,Carter Ltd,SaaS,Funded,2025-06-30,Venture Studio,746271,"Michelleside, NJ"
C0367,"Moore, Brown and Jenkins",SaaS,Exited,2025-06-04,Pre-Seed Lab,2189418,"South Peter, AL"
C0368,James Group,CleanTech,Discovery,2025-06-11,Pre-Seed Lab,3243057,"North Michaelshire, GA"
C0369,"Walker, Cline and Chase",SaaS,MVP,2025-06-18,Bootcamp Cohort 1,3353000,"Lake Melissaton, OH"
C0370,Taylor and Sons,CleanTech,Exited,2025-06-01,Concept to Customer,2241206,"Gregorychester, CA"
C0371,"Johnson, English and Knight",FinTech,Discovery,2025-07-02,Pre-Seed Lab,2574760,"Port Shane, KS"
C0372,Miller-Cooper,FinTech,Discovery,2025-07-19,Concept to Customer,2007238,"Cathyborough, IA"
C0373,"Goodman, Moore and Crosby",HealthTech,MVP,2025-05-21,Bootcamp Cohort 1,3791065,"West Tonichester, OR"
C0374,"Morris, Cannon and Harris",AI,Funded,2025-07-08,Pre-Seed Lab,3828807,"North Brendashire, OR"
C0375,Salinas Group,CleanTech,Discovery,2025-05-03,Bootcamp Cohort 1,3273223,"Port Jasonland, LA"
C0376,Burton-Cox,CleanTech,Funded,2025-07-01,Bootcamp Cohort 1,3955478,"North Katiebury, SC"
C0377,Cortez Inc,AgTech,Scaling,2025-05-08,Pre-Seed Lab,413612,"Port Stephenport, MS"
C0378,Poole-Morrison,FinTech,Exited,2025-04-28,Concept to Customer,1395210,"Weststad, CT"
C0379,Howard-Harrison,AI,Scaling,2025-05-16,Pre-Seed Lab,2136389,"Port Williamtown, MS"
C0380,Jackson and Sons,HealthTech,Discovery,2025-05-13,Bootcamp Cohort 1,1760405,"Simonmouth, PA"
C0381,"Jones, Moore and Lawson",Robotics,Discovery,2025-07-05,Bootcamp Cohort 1,414028,"South Mary, TX"
C0382,Alvarez-Wong,AgTech,Funded,2025-07-04,Pre-Seed Lab,3237940,"New Edward, DE"
C0383,Smith-Lowe,FinTech,Funded,2025-05-13,Venture Studio,356215,"Justinberg, CO"
C0384,"Freeman, Howe and Rangel",Biotech,Discovery,2025-06-07,Concept to Customer,2157542,"Katieberg, AK"
C0385,"Tate, Morrow and Wilson",FinTech,Discovery,2025-05-29,Concept to Customer,2963170,"Davidburgh, ME"
C0386,Mcdowell Ltd,FinTech,Funded,2025-05-03,Concept to Customer,1536743,"West Julie, WA"
C0387,Vargas Inc,EdTech,Exited,2025-07-14,Bootcamp Cohort 2,760825,"West Matthewside, AL"
C0388,"Garcia, Ellis and Hunt",CleanTech,MVP,2025-07-23,Concept to Customer,3399348,"Christopherfurt, MS"
C0389,"Clark, Vega and Webb",CleanTech,Discovery,2025-06-07,Pre-Seed Lab,4152763,"Rasmussenberg, MS"
C0390,"Clayton, Aguilar and Ryan",AI,Scaling,2025-05-18,Venture Studio,3431146,"Lake Isabellafort, PA"
C0391,Meyer Inc,HealthTech,Funded,2025-06-27,Venture Studio,3248540,"Charleston, WA"
C0392,Morrow-Olson,EdTech,Exited,2025-06-11,Concept to Customer,691695,"Wheelerchester, AR"
C0393,"Barron, White and Marshall",EdTech,Exited,2025-05-05,Bootcamp Cohort 2,377972,"Williamsview, IL"
C0394,Mahoney-Hogan,Robotics,Exited,2025-05-25,Concept to Customer,2267502,"Clarencetown, DE"
C0395,Price Ltd,Robotics,Scaling,2025-06-30,Bootcamp Cohort 2,3194224,"Lake Barbaratown, NJ"
C0396,Sanders-Marks,EdTech,Exited,2025-07-19,Bootcamp Cohort 1,3427064,"Beverlyport, AR"
C0397,Moore-Schmidt,Robotics,Exited,2025-06-27,Pre-Seed Lab,1318174,"East Colinport, KS"
C0398,Perry-Mccullough,AgTech,Exited,2025-07-20,Concept to Customer,4504058,"Rivashaven, WY"
C0399,"Graves, Coleman and Reilly",CleanTech,Discovery,2025-05-15,Concept to Customer,1094458,"West Katie, OH"
C0400,Ortiz-Sutton,Robotics,MVP,2025-06-30,Bootcamp Cohort 2,4088193,"South Davidchester, MT"
C0401,"Dawson, Sanchez and Cobb",FinTech,Scaling,2025-05-11,Pre-Seed Lab,2170332,"Cameronview, ID"
C0402,Lynch Group,Robotics,Scaling,2025-06-11,Concept to Customer,1667565,"Port Mark, NJ"
C0403,Chavez-Shaw,Biotech,Exited,2025-06-19,Concept to Customer,3819857,"Hillville, NJ"
C0404,Skinner-Cook,AI,Discovery,2025-05-02,Pre-Seed Lab,2496553,"Alexandramouth, TX"
C0405,Fox LLC,CleanTech,Scaling,2025-07-19,Venture Studio,1358593,"Hernandezmouth, MS"
C0406,Stanley Group,EdTech,Discovery,2025-05-19,Venture Studio,2661488,"Grantton, MN"
C0407,"Lopez, Watson and Tyler",FinTech,MVP,2025-05-15,Concept to Customer,997292,"New Juliaview, SD"
C0408,Massey-Mathis,AI,Funded,2025-07-13,Pre-Seed Lab,185716,"New Stephanieside, UT"
C0409,"Williams, Taylor and Sullivan",AI,Funded,2025-06-20,Pre-Seed Lab,583658,"South Sharon, AK"
C0410,Allen Inc,AI,Funded,2025-05-03,Concept to Customer,4554172,"East Kaylee, OH"
C0411,Dodson PLC,Biotech,MVP,2025-05-22,Bootcamp Cohort 2,696033,"Burnstown, IA"
C0412,Bell-Campbell,SaaS,MVP,2025-06-28,Bootcamp Cohort 1,159619,"Port Ashley, NJ"
C0413,Tran Group,FinTech,Discovery,2025-05-14,Concept to Customer,107445,"South Kristi, SD"
C0414,Peters Ltd,SaaS,Scaling,2025-05-10,Pre-Seed Lab,1823182,"South Jonathan, NV"
C0415,"Walker, Chan and Johnson",EdTech,MVP,2025-06-22,Bootcamp Cohort 2,1561573,"Monicamouth, WY"
C0416,King-Everett,SaaS,Exited,2025-05-13,Bootcamp Cohort 1,2793839,"New Jennifer, IN"
C0417,"White, White and Skinner",SaaS,Scaling,2025-06-19,Bootcamp Cohort 2,2697857,"East Kevin, WI"
C0418,"Perez, Lopez and Ray",Biotech,Funded,2025-05-10,Venture Studio,3286123,"Robertsberg, MI"
C0419,French LLC,AgTech,Exited,2025-06-17,Pre-Seed Lab,3432711,"North Michaelland, MS"
C0420,"Huber, Arnold and Gomez",SaaS,MVP,2025-06-21,Concept to Customer,3665622,"Schroederborough, AK"
C0421,Bell Group,SaaS,Scaling,2025-07-12,Pre-Seed Lab,3020016,"New Jackfort, IL"
C0422,Lopez Inc,EdTech,MVP,2025-06-13,Bootcamp Cohort 1,868156,"Chrisbury, KY"
C0423,Cook-Ruiz,Robotics,Exited,2025-06-23,Bootcamp Cohort 1,1449525,"Michaelstad, WV"
C0424,Martinez PLC,Biotech,Scaling,2025-05-17,Bootcamp Cohort 2,3570618,"Richardburgh, AZ"
C0425,Irwin and Sons,HealthTech,Scaling,2025-06-21,Venture Studio,2295779,"New Riley, MN"
C0426,"Perry, Robinson and Dawson",EdTech,Exited,2025-07-23,Bootcamp Cohort 2,271955,"South Joshua, AK"
C0427,Rodriguez Ltd,EdTech,Funded,2025-06-28,Concept to Customer,4014746,"Christopherville, NJ"
C0428,Jones-Farrell,FinTech,Funded,2025-07-21,Venture Studio,4156314,"Mosschester, SC"
C0429,Mckay LLC,Biotech,Exited,2025-07-02,Venture Studio,4494060,"Johnville, CA"
C0430,Rogers Ltd,FinTech,MVP,2025-07-24,Bootcamp Cohort 2,2803144,"North Meredith, HI"
C0431,Rice-Alvarez,CleanTech,Discovery,2025-05-12,Pre-Seed Lab,4299080,"Michealfort, NC"
C0432,Hernandez-Cook,HealthTech,MVP,2025-07-24,Pre-Seed Lab,3773060,"Port Regina, TN"
C0433,Hudson Group,FinTech,Discovery,2025-06-23,Pre-Seed Lab,502343,"Port Kimton, AZ"
C0434,"Johnson, Marquez and Clayton",CleanTech,Funded,2025-07-21,Venture Studio,4732019,"West Bob, WV"
C0435,Sanchez Inc,EdTech,Exited,2025-07-14,Venture Studio,177076,"Justinmouth, MS"
C0436,Potter-Smith,CleanTech,Exited,2025-07-23,Bootcamp Cohort 1,3018101,"North Kimberly, WV"
C0437,Garcia LLC,AgTech,Discovery,2025-06-04,Pre-Seed Lab,341152,"Solomonville, MT"
C0438,Mason LLC,CleanTech,Discovery,2025-05-15,Concept to Customer,273111,"Shawview, VT"
C0439,"Coleman, Matthews and Moore",Robotics,Funded,2025-06-10,Pre-Seed Lab,1522481,"Port Jesse, CO"
C0440,"Garcia, Bautista and Long",AI,Funded,2025-06-28,Bootcamp Cohort 2,1499762,"Lake Ronald, MA"
C0441,"Carroll, Williams and Mckee",Biotech,Funded,2025-05-31,Pre-Seed Lab,4923467,"North Brandon, ME"
C0442,"Wilkerson, Harris and Jensen",AgTech,Funded,2025-07-04,Bootcamp Cohort 2,3688847,"Jamesmouth, WV"
C0443,Guzman PLC,HealthTech,Exited,2025-06-05,Venture Studio,2544674,"Dominicshire, ID"
C0444,Hartman PLC,Biotech,Scaling,2025-05-23,Pre-Seed Lab,3104656,"Davisville, ID"
C0445,Walker PLC,AgTech,Exited,2025-07-06,Bootcamp Cohort 2,523612,"North Claudia, MO"
C0446,Yu PLC,HealthTech,Scaling,2025-07-07,Bootcamp Cohort 2,4170061,"North Veronicaport, OR"
C0447,"Parsons, Boone and Smith",Biotech,Discovery,2025-07-19,Pre-Seed Lab,4780986,"Port Derek, NE"
C0448,"Wong, Levy and Anderson",HealthTech,MVP,2025-06-26,Venture Studio,1677439,"Penastad, OK"
C0449,Mckinney PLC,FinTech,Exited,2025-07-20,Pre-Seed Lab,3481711,"Tracyberg, WY"
C0450,Smith LLC,HealthTech,Funded,2025-06-29,Concept to Customer,1146174,"Lake Jeremyville, WA"
C0451,"Pierce, Bailey and Graham",Robotics,MVP,2025-07-03,Venture Studio,1064734,"Edwardston, SC"
C0452,Campos-Alvarez,CleanTech,Funded,2025-06-08,Bootcamp Cohort 2,870944,"New Paul, DC"
C0453,"Bowers, Schneider and Miller",AI,Funded,2025-07-25,Bootcamp Cohort 1,3848206,"Garciatown, GA"
C0454,Dean Group,Biotech,MVP,2025-05-03,Venture Studio,1927449,"Nelsonbury, PA"
C0455,Rubio and Sons,AI,Scaling,2025-06-22,Bootcamp Cohort 2,4839272,"Williamsville, CO"
C0456,"Walton, Lopez and Martin",AgTech,MVP,2025-05-06,Venture Studio,3170057,"South Deanna, GA"
C0457,Davis-Solis,AgTech,Discovery,2025-07-11,Bootcamp Cohort 1,132410,"Amyborough, MN"
C0458,Carter Inc,EdTech,Exited,2025-07-21,Bootcamp Cohort 2,2576530,"North Jeffrey, SC"
C0459,Bailey-Harvey,FinTech,Scaling,2025-06-11,Bootcamp Cohort 2,2883044,"Lake Donaldville, WA"
C0460,Sutton Group,Biotech,Discovery,2025-06-18,Pre-Seed Lab,3529785,"East Robert, NM"
C0461,"Riddle, Austin and Poole",AI,Scaling,2025-07-23,Bootcamp Cohort 1,2783205,"Marshallview, TN"
C0462,Phillips-Salinas,Robotics,Funded,2025-05-12,Venture Studio,2786206,"West Ryanmouth, NM"
C0463,Snyder PLC,FinTech,MVP,2025-07-21,Venture Studio,3774099,"Haleyfurt, NH"
C0464,French-Brown,AI,Scaling,2025-05-19,Concept to Customer,4370470,"Christopherhaven, DC"
C0465,"Nguyen, Figueroa and Riggs",Biotech,Discovery,2025-05-17,Bootcamp Cohort 2,2709476,"South Lisa, CT"
C0466,"Mendoza, Hobbs and Harper",SaaS,Exited,2025-04-30,Concept to Customer,417112,"Danielborough, AR"
C0467,Johnson-Dunn,Robotics,Funded,2025-06-18,Venture Studio,966238,"West Yvonneshire, SD"
C0468,Oconnor Group,SaaS,MVP,2025-06-08,Concept to Customer,1542704,"Hintonport, LA"
C0469,Pierce and Sons,Biotech,Discovery,2025-05-02,Concept to Customer,2444991,"West Louismouth, MD"
C0470,"Adams, Smith and Hutchinson",HealthTech,MVP,2025-07-12,Bootcamp Cohort 2,1532929,"East Austin, OH"
C0471,Allen Group,Robotics,MVP,2025-06-18,Concept to Customer,2942579,"West Julie, MN"
C0472,Jones-Castro,Robotics,Discovery,2025-06-27,Concept to Customer,3464929,"Danielchester, CO"
C0473,"Wallace, Young and Pacheco",HealthTech,Exited,2025-07-12,Concept to Customer,2929881,"Cynthiastad, TX"
C0474,"Kelly, Gray and Wright",Robotics,Discovery,2025-06-12,Bootcamp Cohort 2,2820323,"Port Annafort, AR"
C0475,Cameron Inc,FinTech,MVP,2025-05-06,Concept to Customer,433274,"New Jonathanstad, MT"
C0476,Williams Inc,SaaS,Scaling,2025-07-18,Bootcamp Cohort 1,4001451,"Thomaston, PA"
C0477,"Williams, Lawrence and Stewart",SaaS,Scaling,2025-06-08,Venture Studio,93806,"Judymouth, SC"
C0478,Young-Martin,AgTech,Scaling,2025-05-14,Pre-Seed Lab,1423309,"Port Kevinberg, MO"
C0479,Gregory Group,EdTech,Scaling,2025-06-25,Concept to Customer,3103491,"Lake Sarahbury, HI"
C0480,"Cook, Mendez and Wagner",FinTech,Exited,2025-07-05,Bootcamp Cohort 1,1234222,"Sueport, ND"
C0481,Foster-Juarez,Biotech,Funded,2025-07-26,Bootcamp Cohort 2,2283241,"Allisontown, LA"
C0482,"Walker, Frye and Davis",Biotech,MVP,2025-05-25,Pre-Seed Lab,4635420,"North Brendahaven, NC"
C0483,"Davidson, Garcia and Smith",EdTech,Scaling,2025-05-24,Venture Studio,3591918,"Morganstad, WY"
C0484,Green-Dickerson,CleanTech,Exited,2025-07-18,Pre-Seed Lab,3876758,"Port Ryanton, NH"
C0485,Robinson and Sons,AI,MVP,2025-06-06,Concept to Customer,3826593,"Antoniochester, CA"
C0486,"Conner, Hart and Foster",Biotech,Discovery,2025-06-14,Venture Studio,990677,"Steventown, TN"
C0487,"Lyons, Moreno and Lawson",SaaS,Funded,2025-06-03,Bootcamp Cohort 1,871029,"West Victorborough, WI"
C0488,Patton-Schultz,AgTech,Exited,2025-07-04,Concept to Customer,3589832,"North Bradleyton, CA"
C0489,"Gordon, Sanchez and Johnson",EdTech,MVP,2025-07-01,Pre-Seed Lab,2343355,"North Christopherberg, AK"
C0490,Jackson-Harrison,Robotics,Exited,2025-07-12,Pre-Seed Lab,4570638,"Muellerfort, WI"
C0491,Roberson-Garrett,FinTech,Discovery,2025-05-22,Bootcamp Cohort 2,1616974,"West Marktown, VA"
C0492,Marsh-Ayala,CleanTech,Exited,2025-05-31,Bootcamp Cohort 1,3938579,"Port Amber, ND"
C0493,"Moore, Wright and Walker",Robotics,MVP,2025-07-25,Bootcamp Cohort 2,275373,"North Glennmouth, WI"
C0494,Jones Group,HealthTech,Exited,2025-06-03,Concept to Customer,326610,"West Donald, IL"
C0495,Watson Inc,AgTech,MVP,2025-05-07,Bootcamp Cohort 2,1683610,"Aliciatown, CT"
C0496,Morris Ltd,CleanTech,Scaling,2025-07-14,Venture Studio,1142939,"Dominguezview, TN"
C0497,Arellano PLC,Robotics,MVP,2025-07-21,Concept to Customer,3915142,"North Michaelfurt, NJ"
C0498,Green-Ryan,AgTech,Scaling,2025-05-01,Concept to Customer,1186766,"Lake Royland, MO"
C0499,"Day, Wells and Curtis",CleanTech,Discovery,2025-07-16,Concept to Customer,1848234,"Jessicaland, IA"
C0500,Phillips and Sons,AgTech,MVP,2025-05-16,Venture Studio,441215,"New Christopher, MS"
C0501,Middleton-Gutierrez,AgTech,Funded,2025-07-11,Bootcamp Cohort 2,1653816,"Castillochester, MA"
C0502,Thompson Group,FinTech,Discovery,2025-06-27,Venture Studio,1777181,"Obrienberg, NC"
C0503,"Prince, Gallagher and Jones",CleanTech,MVP,2025-06-10,Concept to Customer,2569926,"Port Samuel, AL"
C0504,Perez-Miller,EdTech,Scaling,2025-07-15,Bootcamp Cohort 2,732074,"West Joshuashire, NJ"
C0505,Smith-Shepherd,Robotics,Discovery,2025-05-11,Bootcamp Cohort 1,2305504,"Port Brianmouth, ND"
C0506,"Griffin, Clark and Hayes",HealthTech,Exited,2025-05-31,Bootcamp Cohort 1,3864643,"Kathleenberg, MT"
C0507,Blackburn-Yoder,Biotech,Scaling,2025-07-16,Bootcamp Cohort 1,1520892,"East Johnshire, WI"
C0508,Robertson-Martinez,Robotics,Funded,2025-05-07,Venture Studio,605125,"Maureenport, ME"
C0509,Wiley PLC,AI,Funded,2025-07-09,Venture Studio,2746688,"New Andreafort, CA"
C0510,Luna-Cooley,EdTech,MVP,2025-05-08,Pre-Seed Lab,3982220,"Robertotown, NE"
C0511,Johnson Group,CleanTech,Scaling,2025-06-04,Bootcamp Cohort 1,4615517,"North John, HI"
C0512,Dean and Sons,Biotech,MVP,2025-07-11,Concept to Customer,1619772,"West John, KY"
C0513,Torres PLC,Robotics,Funded,2025-06-21,Concept to Customer,2659684,"Gomeztown, RI"
C0514,Boyer-Gregory,CleanTech,Funded,2025-05-12,Bootcamp Cohort 1,4590796,"Hahnhaven, ND"
C0515,Baker Group,AI,MVP,2025-05-13,Venture Studio,2458542,"New Anthonytown, WV"
C0516,"Diaz, Stephenson and Potter",AI,Scaling,2025-06-21,Concept to Customer,4210258,"South Deborah, ME"
C0517,Bennett-Chase,Biotech,Discovery,2025-06-09,Pre-Seed Lab,2488241,"Josephfurt, NY"
C0518,Steele PLC,Robotics,Scaling,2025-07-25,Bootcamp Cohort 1,3013268,"North Kennethhaven, CA"
C0519,Harris-Hall,Biotech,MVP,2025-05-30,Pre-Seed Lab,3989631,"North Michaelfurt, WV"
C0520,Harrison-Moore,SaaS,MVP,2025-07-01,Concept to Customer,1884574,"Millerhaven, FL"
C0521,"Williams, Goodman and Trevino",CleanTech,Discovery,2025-06-18,Bootcamp Cohort 2,642495,"Jasonshire, OR"
C0522,"Mathews, Walter and Torres",Biotech,Discovery,2025-07-17,Pre-Seed Lab,574665,"Patriciaburgh, NC"
C0523,"Wells, Lucas and Hall",SaaS,Funded,2025-05-24,Concept to Customer,1524738,"Lake Eric, CA"
C0524,Anderson-Harris,AgTech,Scaling,2025-04-29,Bootcamp Cohort 1,2306914,"East Angela, FL"
C0525,James-Marquez,AgTech,Scaling,2025-06-09,Bootcamp Cohort 2,110740,"Jamesport, AL"
C0526,Holland Group,AI,Funded,2025-07-07,Pre-Seed Lab,3489214,"East Stephanie, CT"
C0527,"Tucker, Kennedy and Hall",SaaS,Discovery,2025-07-26,Bootcamp Cohort 1,643322,"New Peter, VA"
C0528,Stewart PLC,Biotech,Scaling,2025-06-25,Venture Studio,3294627,"East Pamela, TX"
C0529,Elliott Ltd,AI,Exited,2025-05-23,Bootcamp Cohort 2,3714261,"Port Dakotaview, NE"
C0530,Nguyen-Mills,AI,Discovery,2025-07-04,Bootcamp Cohort 1,3017173,"Onealshire, CO"
C0531,"Barber, Davis and Ray",EdTech,Discovery,2025-05-17,Bootcamp Cohort 1,2083776,"North Nicolefurt, ID"
C0532,Miller-Powell,EdTech,Scaling,2025-06-09,Bootcamp Cohort 1,612847,"Patriciaberg, UT"
C0533,Kerr LLC,FinTech,MVP,2025-05-09,Concept to Customer,56543,"Stevenbury, NY"
C0534,Weber Ltd,Biotech,Funded,2025-07-22,Bootcamp Cohort 1,4129623,"East Richardmouth, CO"
C0535,Williams-Drake,Robotics,Exited,2025-05-18,Venture Studio,1335018,"Brandonmouth, OH"
C0536,Gonzalez LLC,SaaS,Discovery,2025-05-15,Bootcamp Cohort 2,1903470,"Marissahaven, AR"
C0537,Paul PLC,CleanTech,Discovery,2025-06-02,Pre-Seed Lab,4290618,"Chadchester, NV"
C0538,"Sloan, Davis and Underwood",HealthTech,Discovery,2025-06-11,Bootcamp Cohort 1,2900287,"Hillmouth, MO"
C0539,Sullivan Ltd,EdTech,Funded,2025-06-19,Venture Studio,461567,"Clarkside, VT"
C0540,"Green, Holmes and Gonzalez",CleanTech,Exited,2025-05-17,Bootcamp Cohort 2,4493915,"West Aimee, NC"
C0541,Shields Group,FinTech,Scaling,2025-06-01,Bootcamp Cohort 1,877077,"West Jamesville, RI"
C0542,Moore LLC,CleanTech,Exited,2025-06-30,Bootcamp Cohort 1,1524706,"Hillchester, OR"
C0543,Mendez Group,AgTech,MVP,2025-06-11,Venture Studio,874602,"North Travishaven, VT"
C0544,Gallagher-Stone,Biotech,Discovery,2025-06-29,Bootcamp Cohort 1,4999800,"Juliafurt, MI"
C0545,Jackson Group,AgTech,Funded,2025-07-23,Bootcamp Cohort 1,3911352,"Lauraville, WI"
C0546,Leonard-Rocha,AI,Funded,2025-07-07,Concept to Customer,4564515,"Melissaview, OH"
C0547,Porter-Garza,AI,Funded,2025-06-12,Bootcamp Cohort 1,4704115,"Lake Jennifer, RI"
C0548,Williams LLC,Biotech,Scaling,2025-06-28,Venture Studio,118009,"South Ethan, IN"
C0549,"Lewis, Houston and Powers",Biotech,Discovery,2025-07-09,Pre-Seed Lab,4968366,"Lake Isabellaton, DE"
C0550,"Lewis, Anderson and Madden",EdTech,Exited,2025-05-21,Pre-Seed Lab,624646,"Jacobfurt, MO"
C0551,"Walker, Williams and Mejia",SaaS,Exited,2025-05-28,Venture Studio,101871,"Erinland, MT"
C0552,Murphy-Lewis,HealthTech,Funded,2025-05-18,Bootcamp Cohort 2,2667963,"Patrickmouth, CT"
C0553,Blanchard PLC,Robotics,Funded,2025-07-01,Bootcamp Cohort 1,726406,"Yangbury, WV"
C0554,"Hunter, Casey and Harmon",AI,Exited,2025-06-21,Pre-Seed Lab,4031029,"Fryeborough, UT"
C0555,"Mills, Harrison and Ruiz",AI,Scaling,2025-07-18,Pre-Seed Lab,750763,"Robertport, MO"
C0556,"Brown, Estrada and Sanchez",AgTech,MVP,2025-06-15,Concept to Customer,960829,"Lanceville, MA"
C0557,Pruitt LLC,AI,Discovery,2025-07-24,Concept to Customer,4895105,"North Audrey, UT"
C0558,Lopez Ltd,Biotech,Exited,2025-05-14,Venture Studio,4706255,"Lake Robertstad, IA"
C0559,Perez-Patton,HealthTech,MVP,2025-07-13,Pre-Seed Lab,2968607,"Smithshire, AZ"
C0560,Bailey and Sons,AgTech,Funded,2025-05-05,Venture Studio,3231658,"New Kenneth, OH"
C0561,"Arnold, Todd and Mcgrath",AgTech,Discovery,2025-06-14,Concept to Customer,2736564,"East Bethmouth, OH"
C0562,Hughes-Jenkins,AI,Scaling,2025-07-17,Bootcamp Cohort 1,4275412,"New Williamville, MI"
C0563,Terrell Group,EdTech,Funded,2025-07-02,Bootcamp Cohort 1,832294,"Robinsonville, FL"
C0564,"Mcdowell, Jones and Bowman",SaaS,Scaling,2025-07-16,Pre-Seed Lab,3181209,"West Patrickfurt, AK"
C0565,Grant and Sons,FinTech,Exited,2025-06-12,Venture Studio,2691465,"Jeremymouth, ND"
C0566,Huff Group,HealthTech,Funded,2025-06-25,Bootcamp Cohort 2,4283039,"Albertside, MO"
C0567,Bailey and Sons,Biotech,MVP,2025-06-30,Bootcamp Cohort 2,3098483,"Williamview, MT"
C0568,Mathews LLC,AI,MVP,2025-07-14,Bootcamp Cohort 2,4461688,"West Timothy, CO"
C0569,"Wheeler, Williams and Weber",SaaS,Exited,2025-07-01,Concept to Customer,3394668,"Spearsborough, SD"
C0570,Reynolds-Buck,AgTech,Funded,2025-06-12,Concept to Customer,864811,"West Barbara, OK"
C0571,Calderon-Maldonado,SaaS,MVP,2025-07-20,Pre-Seed Lab,1998982,"Hernandezchester, FL"
C0572,Thomas LLC,EdTech,Discovery,2025-07-05,Venture Studio,4875852,"New Larryshire, KS"
C0573,White-Pope,AI,Exited,2025-05-23,Bootcamp Cohort 2,263163,"South Travisfurt, PA"
C0574,Zuniga Group,CleanTech,Funded,2025-05-30,Bootcamp Cohort 2,4454947,"Matthewtown, KY"
C0575,Li Ltd,SaaS,Exited,2025-06-22,Pre-Seed Lab,1159008,"Kimberlyview, VT"
C0576,Ramirez Inc,Robotics,Discovery,2025-07-11,Bootcamp Cohort 1,3609921,"New Donnatown, AL"
C0577,"Jordan, Lloyd and Larson",SaaS,Exited,2025-07-04,Concept to Customer,1767175,"Meganstad, MT"
C0578,"Smith, Pollard and Cantu",AI,Exited,2025-05-05,Concept to Customer,3161294,"Cabreratown, KY"
C0579,Garcia Inc,Biotech,MVP,2025-04-28,Bootcamp Cohort 2,2209224,"New Andrewtown, SC"
C0580,"Evans, Thompson and Wallace",Biotech,MVP,2025-06-05,Pre-Seed Lab,3066113,"Port Brandon, FL"
C0581,Hanna-Larson,Biotech,Discovery,2025-05-17,Pre-Seed Lab,2264843,"Wolfport, UT"
C0582,"Chavez, Fowler and Alvarez",Robotics,Funded,2025-05-21,Concept to Customer,2801581,"Lake Sethberg, OR"
C0583,"Oliver, Hughes and Price",AI,Exited,2025-07-22,Bootcamp Cohort 1,781023,"Annefurt, NH"
C0584,Hernandez and Sons,CleanTech,Exited,2025-04-28,Pre-Seed Lab,2342192,"Josephland, AR"
C0585,Potts-Henderson,FinTech,Funded,2025-07-06,Bootcamp Cohort 1,4427678,"Clarkestad, PA"
C0586,Fuller Group,AgTech,Funded,2025-06-27,Pre-Seed Lab,3988990,"Lake Christopherburgh, WA"
C0587,Fernandez Group,CleanTech,MVP,2025-04-29,Bootcamp Cohort 2,1306798,"Gilbertview, MT"
C0588,Miles Ltd,AI,Exited,2025-06-04,Venture Studio,1378072,"Port Samanthaland, CA"
C0589,Sanchez-Smith,SaaS,Discovery,2025-06-09,Pre-Seed Lab,2987307,"West Timothy, HI"
C0590,"Robbins, Norton and Daniel",AI,Funded,2025-05-15,Bootcamp Cohort 2,121085,"Wayneton, MO"
C0591,White-Lam,HealthTech,MVP,2025-06-26,Concept to Customer,1481038,"New Christopherview, TN"
C0592,Wilson Inc,HealthTech,Scaling,2025-05-21,Bootcamp Cohort 1,1608469,"New Parkerstad, VT"
C0593,"Monroe, Johnson and Moran",AgTech,Funded,2025-05-18,Venture Studio,1027212,"East Jon, ME"
C0594,Miller-Monroe,Robotics,Scaling,2025-07-03,Pre-Seed Lab,371326,"New Melissa, ND"
C0595,"Ross, Henderson and Tate",CleanTech,Exited,2025-06-15,Concept to Customer,3957813,"West Timothyville, IN"
C0596,Jordan PLC,CleanTech,Discovery,2025-05-04,Bootcamp Cohort 2,4294908,"Port Natalie, VT"
C0597,Franklin Group,AgTech,Funded,2025-06-26,Bootcamp Cohort 2,1268385,"East Amandaside, HI"
C0598,Stewart-Cox,SaaS,Funded,2025-07-25,Concept to Customer,2688759,"West Lisa, NM"
C0599,"Simpson, Hamilton and Wade",HealthTech,Exited,2025-06-08,Bootcamp Cohort 1,4763788,"Port Isabellatown, MI"
C0600,Atkins-Tate,FinTech,Discovery,2025-05-09,Concept to Customer,3357451,"Melissamouth, IA"
C0601,"Levy, Dunn and Morales",EdTech,MVP,2025-07-07,Bootcamp Cohort 1,4581373,"Byrdstad, VT"
C0602,"Johnson, Strong and Cabrera",Robotics,MVP,2025-05-15,Pre-Seed Lab,1282668,"Baxterchester, AK"
C0603,Mendoza Group,Biotech,MVP,2025-07-16,Bootcamp Cohort 1,3043124,"New Todd, ME"
C0604,"Mercado, Buckley and Murphy",EdTech,Exited,2025-06-12,Venture Studio,1031923,"Lake April, PA"
C0605,Tucker LLC,Biotech,Scaling,2025-06-29,Bootcamp Cohort 1,4112175,"North Chelseyburgh, WV"
C0606,Smith PLC,Robotics,Exited,2025-06-07,Bootcamp Cohort 2,1417409,"Leviport, NJ"
C0607,Dennis and Sons,AI,Scaling,2025-07-22,Bootcamp Cohort 2,2053494,"East Renee, IN"
C0608,"Norris, Brown and Miller",Robotics,Scaling,2025-06-25,Bootcamp Cohort 2,2825178,"West Timothyshire, WA"
C0609,"Gould, Adams and Maynard",EdTech,Funded,2025-06-02,Bootcamp Cohort 2,1956049,"Johnsonbury, VT"
C0610,"Smith, Chung and Day",AI,Funded,2025-05-17,Pre-Seed Lab,4048292,"East Jason, AR"
C0611,Fox Group,FinTech,Funded,2025-05-08,Venture Studio,4631147,"Monicaburgh, DC"
C0612,Powers-Riley,FinTech,Funded,2025-04-29,Bootcamp Cohort 1,2055016,"South Alexandra, KS"
C0613,"Hopkins, Roberts and Castro",SaaS,Funded,2025-07-24,Bootcamp Cohort 2,4505515,"Lake William, PA"
C0614,"Edwards, Miller and Hill",SaaS,MVP,2025-05-19,Pre-Seed Lab,4732414,"North Matthewport, UT"
C0615,"Holland, Hart and Wallace",AI,Scaling,2025-07-07,Concept to Customer,3926544,"South Tanyamouth, NJ"
C0616,James-Ramirez,CleanTech,Exited,2025-07-23,Bootcamp Cohort 2,2719304,"South Toni, RI"
C0617,Perez Inc,Biotech,Funded,2025-05-29,Venture Studio,2011283,"South Johnside, IL"
C0618,Morton-West,AI,MVP,2025-06-28,Bootcamp Cohort 2,3382736,"New Curtis, NC"
C0619,Robertson-Cline,SaaS,Discovery,2025-05-13,Bootcamp Cohort 2,4205628,"Leahshire, FL"
C0620,Brown-Luna,HealthTech,MVP,2025-06-01,Venture Studio,3859893,"Coleberg, MN"
C0621,Rodriguez PLC,SaaS,Scaling,2025-07-01,Venture Studio,86990,"Kristenhaven, NY"
C0622,Smith Ltd,CleanTech,Exited,2025-05-27,Concept to Customer,4039414,"Lake Cynthia, WA"
C0623,"Stone, Price and Pope",SaaS,Funded,2025-07-12,Concept to Customer,3005571,"Maldonadoside, SC"
C0624,Griffin-Brown,FinTech,Discovery,2025-07-06,Venture Studio,4290703,"Jeremychester, GA"
C0625,Solis-Perez,AI,MVP,2025-07-18,Concept to Customer,4227096,"Jonathanfurt, IL"
C0626,"Fox, Bradford and Martinez",HealthTech,Discovery,2025-06-05,Concept to Customer,2938270,"Bryantown, MD"
C0627,"Dickerson, James and Reed",AI,MVP,2025-07-10,Concept to Customer,3352419,"Sarahhaven, NV"
C0628,Andrade Inc,FinTech,MVP,2025-05-04,Venture Studio,2094140,"Chelseaview, NY"
C0629,"Ross, Rivera and Reyes",HealthTech,MVP,2025-07-23,Bootcamp Cohort 2,1761381,"New Mary, NC"
C0630,"Tucker, Estrada and Jackson",HealthTech,MVP,2025-07-13,Venture Studio,3262410,"Davidchester, RI"
C0631,"Nguyen, Jackson and Allen",EdTech,Exited,2025-05-29,Bootcamp Cohort 1,3370450,"West Danaport, ME"
C0632,Ware Inc,AI,Scaling,2025-05-09,Concept to Customer,393847,"Katiemouth, WA"
C0633,Dominguez LLC,FinTech,Scaling,2025-05-05,Concept to Customer,3881411,"Lake Victorfurt, HI"
C0634,"Jennings, Richards and Brown",AgTech,Exited,2025-07-08,Concept to Customer,1778383,"Port Davidview, NE"
C0635,James-Mendoza,EdTech,Scaling,2025-06-02,Pre-Seed Lab,4427494,"Lake Madeline, DE"
C0636,Williams Group,AI,Scaling,2025-07-23,Concept to Customer,2484192,"Port Alexis, VA"
C0637,Mann LLC,CleanTech,MVP,2025-05-24,Venture Studio,1397925,"Jenniferstad, WY"
C0638,Joseph-Ochoa,SaaS,Exited,2025-07-01,Pre-Seed Lab,4175034,"East Sarahchester, AK"
C0639,Murphy-Alexander,CleanTech,MVP,2025-07-19,Bootcamp Cohort 1,2208748,"Michaelville, CO"
C0640,"Shah, Miller and Garcia",EdTech,MVP,2025-07-10,Bootcamp Cohort 2,816637,"Johnburgh, TX"
C0641,"Kelly, Johnson and Thomas",SaaS,MVP,2025-06-25,Bootcamp Cohort 1,4902791,"Lisaborough, HI"
C0642,Washington Inc,Robotics,Scaling,2025-06-06,Concept to Customer,135154,"Nguyenport, FL"
C0643,"Sloan, Coleman and Mckee",SaaS,Exited,2025-05-31,Pre-Seed Lab,868342,"East Davidview, AK"
C0644,Gonzalez Inc,Robotics,Exited,2025-07-15,Bootcamp Cohort 1,1773608,"Harrisshire, MS"
C0645,Henderson Group,AI,Funded,2025-06-14,Pre-Seed Lab,2004550,"Smithtown, MA"
C0646,Frank Inc,AI,Funded,2025-06-30,Bootcamp Cohort 1,3543386,"New Cherylton, DE"
C0647,Knight LLC,FinTech,Funded,2025-07-26,Concept to Customer,579555,"Youngton, GA"
C0648,"Rowe, Lopez and Moore",Robotics,Discovery,2025-05-23,Bootcamp Cohort 2,4953732,"North Richardton, NE"
C0649,"Ruiz, Thomas and Farmer",Robotics,Discovery,2025-05-11,Concept to Customer,328428,"Mcdonaldport, MI"
C0650,"Brown, Payne and Hunt",AI,Scaling,2025-06-01,Concept to Customer,3543771,"Castroville, DC"
C0651,"Russell, Gonzalez and Schroeder",Biotech,Funded,2025-05-22,Venture Studio,431872,"Port Andrewville, LA"
C0652,"Cline, Lyons and Bradley",FinTech,MVP,2025-06-03,Concept to Customer,2339404,"South Frank, NY"
C0653,Brown-Herring,FinTech,Discovery,2025-05-09,Concept to Customer,926250,"Port Christina, ND"
C0654,"Lopez, Sanchez and Bell",SaaS,Funded,2025-06-13,Concept to Customer,249672,"Jessicaville, IA"
C0655,Carlson-Fields,Robotics,Scaling,2025-07-09,Bootcamp Cohort 2,2688665,"Webbshire, WV"
C0656,Wolf-Wolf,EdTech,Exited,2025-05-30,Bootcamp Cohort 2,3786478,"Marieburgh, WV"
C0657,"Harris, Guerra and Wright",AgTech,MVP,2025-06-12,Pre-Seed Lab,4062642,"Nancyburgh, PA"
C0658,Gregory-Webb,SaaS,MVP,2025-06-15,Pre-Seed Lab,2259354,"Port Eric, MT"
C0659,Kelley-Larson,FinTech,Funded,2025-05-05,Venture Studio,3039373,"North Huntershire, AZ"
C0660,Graves-Fields,EdTech,Discovery,2025-05-08,Bootcamp Cohort 1,1646940,"Johnsonburgh, HI"
C0661,Zimmerman Inc,EdTech,Exited,2025-06-18,Bootcamp Cohort 1,4724332,"Rossview, NJ"
C0662,Brown-Thomas,Robotics,Discovery,2025-06-14,Bootcamp Cohort 1,3513706,"South Robin, KY"
C0663,Vega-King,AI,Funded,2025-06-18,Concept to Customer,249954,"Amyhaven, GA"
C0664,"Franklin, Montgomery and Turner",Robotics,MVP,2025-05-31,Pre-Seed Lab,2245621,"Port Bonnietown, DC"
C0665,Schmidt Ltd,FinTech,Funded,2025-05-29,Bootcamp Cohort 1,2274730,"Jensenshire, SD"
C0666,Stewart-Webb,Robotics,Funded,2025-05-28,Bootcamp Cohort 2,481269,"Lake Amyport, NJ"
C0667,Marquez PLC,Biotech,Funded,2025-07-03,Venture Studio,3650768,"Tonyahaven, OK"
C0668,Roberts Group,EdTech,Funded,2025-07-17,Concept to Customer,2022920,"Camposview, VT"
C0669,Bass PLC,HealthTech,Scaling,2025-07-08,Venture Studio,3328818,"Port Eric, OK"
C0670,Reilly-Atkinson,CleanTech,Discovery,2025-06-25,Concept to Customer,3719199,"Andrewberg, KS"
C0671,Zavala-Mills,HealthTech,Exited,2025-07-13,Bootcamp Cohort 1,66607,"Taramouth, NV"
C0672,"Gilbert, Bennett and Alexander",EdTech,Exited,2025-07-22,Concept to Customer,3548254,"East Michaelshire, CT"
C0673,Reyes-Johnston,Biotech,Exited,2025-05-05,Venture Studio,705939,"Jordanland, SD"
C0674,"Moran, Jones and Brown",FinTech,MVP,2025-06-15,Pre-Seed Lab,1578528,"North Ethantown, WY"
C0675,"Wilson, Hart and Weaver",Robotics,Funded,2025-07-25,Concept to Customer,1019783,"South Shannon, KS"
C0676,"George, Phillips and Mitchell",CleanTech,Discovery,2025-06-01,Bootcamp Cohort 1,2304561,"Lake Thomas, WV"
C0677,Quinn-Stark,EdTech,Funded,2025-05-18,Concept to Customer,1634171,"North Tylermouth, OH"
C0678,Johnston-Scott,AgTech,Discovery,2025-07-07,Concept to Customer,4944548,"West Susanside, IA"
C0679,"Reyes, Herrera and Schwartz",HealthTech,Scaling,2025-05-20,Concept to Customer,2062882,"Port Maryhaven, MN"
C0680,Jackson-Williams,Biotech,Scaling,2025-07-01,Venture Studio,841998,"West Lisamouth, ID"
C0681,"Weaver, Murphy and Moore",AI,Funded,2025-07-24,Concept to Customer,338759,"Rogersborough, MD"
C0682,Perry-Hayes,Biotech,Exited,2025-05-05,Bootcamp Cohort 1,473652,"Montoyaborough, TN"
C0683,"Jones, Lane and Richardson",Robotics,Discovery,2025-05-17,Venture Studio,1284077,"West Annefort, MA"
C0684,Ferguson-Holmes,Robotics,MVP,2025-07-01,Bootcamp Cohort 1,3332889,"East Michaeltown, AL"
C0685,Marks-Welch,AgTech,Exited,2025-06-10,Pre-Seed Lab,4926055,"Whitechester, WI"
C0686,Taylor-Hansen,Robotics,Exited,2025-06-15,Bootcamp Cohort 1,2811544,"Lauraside, PA"
C0687,Lopez PLC,AI,MVP,2025-05-20,Bootcamp Cohort 2,486525,"Wendyton, NM"
C0688,Walker-Figueroa,AI,Exited,2025-07-16,Bootcamp Cohort 2,4177147,"Jamesport, NJ"
C0689,"Mcclure, Garrett and Moran",EdTech,Funded,2025-07-01,Pre-Seed Lab,1852358,"Kennethport, NJ"
C0690,Hebert PLC,AgTech,Scaling,2025-05-01,Bootcamp Cohort 1,3178123,"Woodton, ID"
C0691,Reyes and Sons,EdTech,Discovery,2025-05-02,Concept to Customer,1981870,"Mezamouth, CA"
C0692,Clark-Cummings,SaaS,Exited,2025-06-08,Bootcamp Cohort 1,3190755,"South Dalechester, VA"
C0693,Roberts and Sons,SaaS,Discovery,2025-05-31,Pre-Seed Lab,3512714,"West Craig, IN"
C0694,Johnson Inc,HealthTech,Scaling,2025-06-22,Venture Studio,1558127,"Jasonfurt, DC"
C0695,"Nelson, Ballard and Tucker",EdTech,Exited,2025-07-07,Venture Studio,3509972,"West Kristineville, NC"
C0696,Richardson-Greene,FinTech,MVP,2025-06-15,Venture Studio,2316768,"Mcclureburgh, MO"
C0697,"Hernandez, Mitchell and Holmes",SaaS,Exited,2025-06-16,Pre-Seed Lab,2445766,"Rebekahchester, NE"
C0698,Madden-Bennett,FinTech,Funded,2025-07-20,Pre-Seed Lab,2617700,"Mcleantown, HI"
C0699,Wood and Sons,SaaS,Exited,2025-07-24,Pre-Seed Lab,4840979,"Jakeview, AK"
C0700,Walters-Brown,AI,Funded,2025-06-24,Venture Studio,1436625,"Edwardsmouth, IN"
C0701,Howard LLC,Robotics,Exited,2025-05-27,Bootcamp Cohort 2,2193979,"New Diane, WI"
C0702,Hill-Snow,AI,Funded,2025-05-17,Concept to Customer,3249057,"South Ryanmouth, SC"
C0703,Tran Inc,EdTech,Funded,2025-05-14,Pre-Seed Lab,604857,"South Jacobville, DE"
C0704,"Miller, Wallace and Harris",SaaS,Scaling,2025-07-25,Concept to Customer,1661348,"North Catherinefort, KS"
C0705,"Manning, Wilson and Miller",AI,MVP,2025-06-27,Venture Studio,4568823,"Herrerachester, MA"
C0706,Thornton-Maddox,AI,MVP,2025-06-23,Bootcamp Cohort 2,2570555,"Port Adamhaven, HI"
C0707,Evans Group,HealthTech,MVP,2025-06-17,Bootcamp Cohort 1,3850401,"Allisonview, MS"
C0708,"Roy, Williams and Vincent",FinTech,Funded,2025-06-10,Venture Studio,4691653,"Lake Jessicahaven, OH"
C0709,Davis-Hamilton,Robotics,MVP,2025-06-03,Bootcamp Cohort 1,4029011,"East Jesse, MD"
C0710,"Farmer, Schmidt and Day",FinTech,Discovery,2025-07-14,Bootcamp Cohort 1,4682114,"Lake Lawrenceville, AZ"
C0711,"Young, Jones and Ferguson",HealthTech,Funded,2025-06-04,Venture Studio,1330360,"South Megantown, HI"
C0712,"Porter, Park and Haley",SaaS,Scaling,2025-05-07,Concept to Customer,1877918,"Brandonhaven, DC"
C0713,Johnson-Williams,Biotech,Exited,2025-05-07,Bootcamp Cohort 2,430137,"Vasquezton, ME"
C0714,"Olson, Shields and Walters",AgTech,Scaling,2025-06-16,Concept to Customer,2915599,"South Laura, NC"
C0715,Cline-Schneider,Robotics,Exited,2025-06-19,Venture Studio,3963588,"East Brenda, PA"
C0716,Wright LLC,AgTech,MVP,2025-06-01,Bootcamp Cohort 2,4861330,"Stevenland, VA"
C0717,Mathis and Sons,EdTech,Exited,2025-06-15,Venture Studio,2686397,"Kaylahaven, MO"
C0718,Smith LLC,AgTech,Discovery,2025-06-23,Bootcamp Cohort 1,4936771,"Russellfort, SC"
C0719,Morgan-Curtis,HealthTech,Discovery,2025-05-06,Pre-Seed Lab,3672868,"Port Seanland, MD"
C0720,Johnson-Matthews,Robotics,Funded,2025-05-29,Bootcamp Cohort 2,4968231,"Lake Jamesstad, NV"
C0721,"Hall, Esparza and Barnett",FinTech,Exited,2025-05-05,Bootcamp Cohort 1,4570129,"Port Frankberg, MO"
C0722,"Patrick, Bush and Martin",SaaS,Exited,2025-05-01,Pre-Seed Lab,1953613,"Lake Elizabeth, IA"
C0723,"Rodriguez, Mayer and Henderson",FinTech,Discovery,2025-05-03,Bootcamp Cohort 2,4575621,"Smithton, IL"
C0724,"Armstrong, Cross and Davis",Robotics,MVP,2025-07-19,Bootcamp Cohort 2,3029088,"North Jessicaberg, TX"
C0725,"Carroll, Cannon and Smith",SaaS,Discovery,2025-05-09,Bootcamp Cohort 1,2530888,"Huangburgh, WI"
C0726,"Robinson, Brown and Jimenez",Biotech,Funded,2025-06-30,Bootcamp Cohort 2,4904273,"Gutierrezberg, AL"
C0727,Morales and Sons,SaaS,Exited,2025-06-16,Venture Studio,1991275,"South Daniel, CT"
C0728,Holmes-Caldwell,Biotech,Funded,2025-04-28,Bootcamp Cohort 1,99308,"Denisechester, AZ"
C0729,Perez PLC,HealthTech,Funded,2025-06-14,Pre-Seed Lab,4974529,"Isaacchester, MN"
C0730,"Wilkerson, Ross and Turner",SaaS,Discovery,2025-06-20,Pre-Seed Lab,1658744,"West Angelaport, WV"
C0731,"Oneill, Gomez and Goodman",AI,Funded,2025-06-26,Concept to Customer,4722974,"East David, ME"
C0732,Smith LLC,AgTech,Discovery,2025-07-14,Venture Studio,816643,"Theresastad, OH"
C0733,Irwin-Burns,AI,Scaling,2025-05-05,Concept to Customer,1017274,"Christopherchester, MO"
C0734,Clark Inc,SaaS,Discovery,2025-07-04,Bootcamp Cohort 2,1719180,"Danielberg, MT"
C0735,Day-Martin,Robotics,Funded,2025-05-01,Bootcamp Cohort 2,4164345,"Nicolebury, UT"
C0736,"Vazquez, Hill and Adams",EdTech,MVP,2025-05-20,Bootcamp Cohort 1,4919509,"North Amanda, VT"
C0737,Martinez-Wheeler,Biotech,MVP,2025-06-12,Concept to Customer,1015210,"North Denise, MT"
C0738,Jones PLC,AgTech,Exited,2025-07-02,Bootcamp Cohort 1,236010,"Blackburnshire, AR"
C0739,Robinson PLC,AgTech,Scaling,2025-05-18,Bootcamp Cohort 2,4311765,"Smithbury, MT"
C0740,"Ramirez, Sanchez and Berg",EdTech,Discovery,2025-05-13,Bootcamp Cohort 2,1238613,"Smithshire, TN"
C0741,Ruiz Ltd,HealthTech,MVP,2025-06-16,Venture Studio,1398381,"Haydenport, TX"
C0742,Garcia-Hall,AgTech,Funded,2025-06-18,Bootcamp Cohort 1,3860138,"East Jeremiahton, CA"
C0743,Perez LLC,AgTech,Funded,2025-05-20,Bootcamp Cohort 2,3834589,"East Karachester, OR"
C0744,Flores-Carpenter,FinTech,Scaling,2025-06-27,Venture Studio,3444590,"Lake Alicia, SD"
C0745,"Mills, Smith and Woods",FinTech,Discovery,2025-05-05,Bootcamp Cohort 2,2667828,"Davisland, MI"
C0746,Pearson-Diaz,CleanTech,Discovery,2025-05-27,Concept to Customer,107048,"Carlafort, TN"
C0747,Obrien Group,FinTech,MVP,2025-05-07,Bootcamp Cohort 1,1884050,"Hernandezville, MT"
C0748,Hall-Carter,AI,Discovery,2025-06-10,Bootcamp Cohort 1,1953584,"Lake Bryanmouth, WI"
C0749,Monroe Ltd,AI,Exited,2025-05-12,Pre-Seed Lab,4481648,"Cooperchester, OK"
C0750,Smith Ltd,AgTech,Funded,2025-06-06,Concept to Customer,4359690,"Lake Robert, IL"
C0751,"Perez, Dillon and Martinez",Biotech,Scaling,2025-06-05,Concept to Customer,4496831,"Lake Meghan, WI"
C0752,Lyons Inc,AI,Funded,2025-06-21,Bootcamp Cohort 2,2591729,"Pamelaton, AL"
C0753,"Moore, Terry and Hamilton",Robotics,Exited,2025-07-10,Bootcamp Cohort 2,2530035,"New Connorport, CT"
C0754,Ray-Jacobs,SaaS,Discovery,2025-06-12,Bootcamp Cohort 2,4904964,"Nathanstad, NM"
C0755,Martin-Brown,AgTech,Funded,2025-07-09,Venture Studio,3175175,"Emilytown, NJ"
C0756,Stephens-Roach,AI,MVP,2025-07-14,Bootcamp Cohort 1,3512766,"South Christopher, OR"
C0757,Bolton PLC,AI,MVP,2025-07-22,Concept to Customer,187884,"South Tylerborough, KY"
C0758,Wu-Murray,Robotics,Funded,2025-07-22,Concept to Customer,3881928,"South Justin, DC"
C0759,Clay Inc,EdTech,Scaling,2025-04-28,Venture Studio,3364869,"Morganfurt, DE"
C0760,Davis Group,Robotics,Scaling,2025-07-03,Bootcamp Cohort 1,3015272,"Barrettburgh, AL"
C0761,"Erickson, Wilson and Graham",Robotics,Exited,2025-06-18,Concept to Customer,2415529,"West Michellechester, AK"
C0762,"Bowen, Morris and Anderson",FinTech,Exited,2025-07-16,Concept to Customer,3072893,"South Richardburgh, KS"
C0763,"Murphy, Smith and Chen",AgTech,MVP,2025-05-26,Pre-Seed Lab,2877808,"Alvinburgh, UT"
C0764,Lindsey LLC,AI,MVP,2025-05-07,Bootcamp Cohort 1,358394,"South Jason, NY"
C0765,Baxter Inc,SaaS,Scaling,2025-05-08,Concept to Customer,2509133,"Vaughnbury, SD"
C0766,"Ross, Tate and Brennan",CleanTech,Funded,2025-07-14,Venture Studio,2382299,"Kaiserfurt, OK"
C0767,Gomez-Shields,AI,MVP,2025-05-27,Pre-Seed Lab,121670,"West Angel, AR"
C0768,Jones-Caldwell,Biotech,MVP,2025-06-20,Venture Studio,495859,"Fisherport, WA"
C0769,Sandoval-Johnson,Biotech,Discovery,2025-07-01,Venture Studio,2450328,"South John, NM"
C0770,Hawkins-Roberts,FinTech,Discovery,2025-06-18,Venture Studio,373994,"Pattersonburgh, NE"
C0771,Sweeney Inc,SaaS,Funded,2025-05-10,Bootcamp Cohort 2,857858,"East Felicia, WY"
C0772,"Rice, Crawford and Murillo",HealthTech,MVP,2025-07-13,Venture Studio,4585240,"East Kristin, CO"
C0773,Blackwell-Rodgers,CleanTech,Funded,2025-06-25,Pre-Seed Lab,2301089,"Johnsonburgh, CT"
C0774,"Gray, Jordan and King",Robotics,Exited,2025-07-20,Concept to Customer,3350169,"South John, SC"
C0775,"Thomas, Wong and Rosario",Robotics,Scaling,2025-05-09,Concept to Customer,1835169,"Jamieton, KY"
C0776,"Mitchell, Walker and Taylor",HealthTech,Funded,2025-07-24,Concept to Customer,3309356,"Elizabethborough, KY"
C0777,Ortiz Inc,HealthTech,Funded,2025-07-24,Bootcamp Cohort 1,2914685,"Krausefurt, AR"
C0778,"Grimes, Bean and Douglas",Biotech,Exited,2025-05-14,Venture Studio,1510596,"West Frankbury, ND"
C0779,Morris-Ho,FinTech,Exited,2025-05-23,Bootcamp Cohort 1,1731662,"Nortonstad, NV"
C0780,Sanders PLC,AI,Discovery,2025-06-13,Concept to Customer,3794564,"East Jessica, NJ"
C0781,Williams LLC,FinTech,Exited,2025-07-19,Bootcamp Cohort 1,2104284,"Weberchester, ND"
C0782,Bishop-Perez,FinTech,Discovery,2025-07-13,Venture Studio,3368887,"Port Stephen, SD"
C0783,Monroe Ltd,SaaS,Discovery,2025-05-02,Bootcamp Cohort 2,1001309,"Martinezborough, PA"
C0784,Cruz-Brown,EdTech,Funded,2025-07-01,Concept to Customer,656618,"Maryshire, NV"
C0785,Brown-Riley,SaaS,Funded,2025-05-31,Concept to Customer,790541,"Erinhaven, NJ"
C0786,Greene-Vincent,AI,Scaling,2025-05-02,Bootcamp Cohort 1,886856,"Jessicabury, OR"
C0787,"Abbott, Lee and Johnson",FinTech,Exited,2025-06-06,Bootcamp Cohort 1,3370321,"South Philip, TX"
C0788,"Mcdonald, Gordon and Wagner",CleanTech,Funded,2025-06-05,Bootcamp Cohort 2,898977,"Rodriguezside, TN"
C0789,Barrett-Bush,SaaS,Exited,2025-06-15,Bootcamp Cohort 1,1781406,"Hodgesport, MT"
C0790,Thompson Group,Robotics,Discovery,2025-06-12,Venture Studio,2841646,"East Barbara, AK"
C0791,"George, Monroe and Williams",EdTech,Scaling,2025-05-28,Concept to Customer,4991954,"Meadowstown, HI"
C0792,Carpenter and Sons,Biotech,Exited,2025-07-24,Bootcamp Cohort 2,918762,"North Jasonside, VT"
C0793,Avila Group,Biotech,Scaling,2025-07-10,Venture Studio,4179288,"Williamstown, NJ"
C0794,Green-Holmes,HealthTech,Exited,2025-05-23,Pre-Seed Lab,2166806,"South Cody, OH"
C0795,Ray PLC,SaaS,Scaling,2025-06-20,Bootcamp Cohort 1,3959222,"New Stephaniechester, TX"
C0796,"Robinson, Mooney and Wilson",SaaS,Exited,2025-05-08,Bootcamp Cohort 1,4775960,"North Melissaview, MO"
C0797,"Mata, Allen and Duran",HealthTech,Scaling,2025-05-27,Pre-Seed Lab,368942,"East Jeremystad, PA"
C0798,Ortega Group,SaaS,Exited,2025-06-22,Pre-Seed Lab,4509133,"Williambury, NM"
C0799,"Jones, Cook and Ramos",AI,Scaling,2025-05-04,Venture Studio,3865955,"Kirstenview, AR"
C0800,Henson-Myers,SaaS,Funded,2025-05-31,Concept to Customer,164618,"Port Savannahtown, MS"
C0801,Hopkins LLC,FinTech,Funded,2025-06-05,Venture Studio,3738100,"South Amandashire, FL"
C0802,Conley Ltd,Robotics,Exited,2025-06-10,Venture Studio,4596634,"Robersonbury, MS"
C0803,Johnson-Jackson,FinTech,Exited,2025-06-16,Pre-Seed Lab,1597914,"West Lorimouth, CO"
C0804,"Ross, Morales and Lopez",CleanTech,Exited,2025-07-11,Bootcamp Cohort 2,2896936,"Catherinestad, OR"
C0805,Cox and Sons,Biotech,MVP,2025-05-13,Concept to Customer,4525550,"Robertberg, FL"
C0806,"Moody, Johnson and Reed",AgTech,Discovery,2025-05-16,Bootcamp Cohort 2,4470179,"Oconnorside, SC"
C0807,Campos-Hall,HealthTech,Discovery,2025-05-16,Bootcamp Cohort 2,4160950,"South Carlos, KY"
C0808,Riley-Wood,AI,MVP,2025-06-15,Bootcamp Cohort 2,3465298,"Grimesmouth, MD"
C0809,Rosario Ltd,Robotics,Discovery,2025-05-29,Bootcamp Cohort 2,3573924,"Williamsfort, VA"
C0810,"Mccarthy, Lewis and Velazquez",SaaS,Scaling,2025-06-11,Bootcamp Cohort 1,3825250,"Markberg, MD"
C0811,Jacobs PLC,FinTech,MVP,2025-07-02,Bootcamp Cohort 1,4874226,"West Mercedesstad, SC"
C0812,Hawkins-Graves,Biotech,Scaling,2025-05-14,Bootcamp Cohort 1,289436,"Elizabethside, IA"
C0813,Farmer Group,CleanTech,Scaling,2025-06-13,Venture Studio,2136697,"Williamsville, OR"
C0814,Harrell-Mitchell,EdTech,Funded,2025-07-20,Venture Studio,4664260,"Lake James, AR"
C0815,Gregory-Peterson,FinTech,Scaling,2025-07-16,Venture Studio,3670192,"Jamesland, MA"
C0816,Williams PLC,Biotech,MVP,2025-07-11,Venture Studio,1674632,"Maureenfort, SD"
C0817,Boyd-Stout,SaaS,Funded,2025-05-12,Concept to Customer,2684907,"Amandafort, MN"
C0818,Long-Russell,Robotics,Discovery,2025-07-23,Pre-Seed Lab,1228300,"Chloetown, MN"
C0819,"Torres, Good and Snyder",FinTech,Exited,2025-07-02,Pre-Seed Lab,4740142,"Gibbsbury, NV"
C0820,Rose Group,FinTech,MVP,2025-07-26,Bootcamp Cohort 1,4041970,"Crosbyland, IN"
C0821,Ramirez-Maldonado,HealthTech,Exited,2025-07-15,Concept to Customer,3852050,"East Paul, NH"
C0822,"Mendez, Bailey and Spears",FinTech,MVP,2025-05-04,Bootcamp Cohort 2,339473,"East Juan, AR"
C0823,Ramirez LLC,Robotics,Discovery,2025-06-05,Concept to Customer,1138763,"Robertberg, MS"
C0824,Williams-Castillo,FinTech,Funded,2025-05-08,Concept to Customer,2643080,"Jacksonville, TN"
C0825,Bauer and Sons,FinTech,Discovery,2025-06-22,Bootcamp Cohort 2,2107333,"South Douglastown, UT"
C0826,"Griffith, Cline and Ochoa",HealthTech,Scaling,2025-07-17,Pre-Seed Lab,3568570,"East Thomas, MI"
C0827,Harris Ltd,Robotics,Discovery,2025-05-15,Bootcamp Cohort 2,3287468,"Port Amyburgh, CT"
C0828,Jones LLC,Biotech,MVP,2025-07-21,Bootcamp Cohort 2,2334367,"East Doristown, VT"
C0829,Johnson-Hardin,FinTech,Discovery,2025-06-23,Bootcamp Cohort 2,1595862,"South Josephhaven, MA"
C0830,Barker-Contreras,CleanTech,Scaling,2025-06-05,Venture Studio,226892,"North Zachary, FL"
C0831,Maldonado-Holmes,AgTech,Scaling,2025-05-12,Bootcamp Cohort 1,4209813,"Patrickstad, SC"
C0832,"Daugherty, Howard and Stevens",Robotics,Discovery,2025-06-29,Bootcamp Cohort 2,4661321,"East Jerryshire, ID"
C0833,"Trevino, Cunningham and George",HealthTech,Scaling,2025-06-24,Bootcamp Cohort 1,3203394,"Thomasland, GA"
C0834,Turner-Snyder,AgTech,Funded,2025-06-04,Concept to Customer,1371163,"Castroshire, IN"
C0835,Reeves-Cook,Robotics,Discovery,2025-05-29,Pre-Seed Lab,4044979,"North Brianna, AK"
C0836,Wu Inc,HealthTech,MVP,2025-05-01,Venture Studio,4044967,"South Jonathonhaven, NJ"
C0837,"Kaiser, Wiggins and Ware",Robotics,Scaling,2025-07-14,Venture Studio,1789118,"Port Sydneytown, DE"
C0838,Collins-Hamilton,EdTech,Discovery,2025-06-11,Concept to Customer,2049968,"Watsonstad, WA"
C0839,Navarro-Wright,Biotech,Funded,2025-05-25,Venture Studio,4249254,"Craigshire, MT"
C0840,Marshall and Sons,AgTech,Funded,2025-05-03,Bootcamp Cohort 1,2372856,"Chavezside, MA"
C0841,Pennington LLC,CleanTech,Funded,2025-05-19,Pre-Seed Lab,309805,"Kimborough, NC"
C0842,"Rogers, Anderson and Thompson",CleanTech,Scaling,2025-07-10,Concept to Customer,1631958,"Jacksonmouth, TN"
C0843,"Simpson, Fox and Juarez",AI,MVP,2025-05-22,Concept to Customer,701196,"Port Amy, MS"
C0844,George and Sons,Robotics,Scaling,2025-06-18,Venture Studio,3339094,"Port Catherinefurt, NH"
C0845,Miller-Morris,Biotech,MVP,2025-05-08,Bootcamp Cohort 2,239702,"Michaelfurt, WV"
C0846,"Odom, Serrano and Maxwell",FinTech,Scaling,2025-05-15,Venture Studio,1034116,"North Sean, SD"
C0847,Ruiz Inc,FinTech,Discovery,2025-06-27,Pre-Seed Lab,1797467,"Marcoport, MD"
C0848,"Duran, Higgins and Obrien",Robotics,Exited,2025-07-26,Pre-Seed Lab,968723,"Ramosview, DE"
C0849,Park Inc,AI,Discovery,2025-07-26,Concept to Customer,2152679,"Torresborough, KY"
C0850,Williams-Russell,AI,Discovery,2025-05-02,Concept to Customer,657266,"Lake Tiffany, IA"
C0851,"Daniels, Gay and Mccarthy",EdTech,Funded,2025-06-09,Concept to Customer,4938575,"Gabrielleberg, OK"
C0852,"Brown, Johnson and Taylor",EdTech,MVP,2025-06-11,Pre-Seed Lab,1854268,"South Cheryl, IN"
C0853,Perez and Sons,EdTech,Discovery,2025-05-22,Bootcamp Cohort 2,508091,"East Jennifer, NJ"
C0854,Sherman-Johnson,AgTech,MVP,2025-04-29,Concept to Customer,3396154,"South Nicolestad, SC"
C0855,Chavez LLC,AI,Scaling,2025-05-19,Bootcamp Cohort 2,3307638,"Lake Michelle, MN"
C0856,Delacruz Ltd,Robotics,Discovery,2025-06-01,Bootcamp Cohort 1,1527714,"Bushbury, ID"
C0857,Sutton Ltd,FinTech,Discovery,2025-05-12,Bootcamp Cohort 1,1593869,"Mckinneyburgh, CO"
C0858,"Garcia, Wagner and Hall",CleanTech,MVP,2025-06-29,Bootcamp Cohort 1,1079642,"Port Sarah, NE"
C0859,"Thompson, Peters and Saunders",HealthTech,Discovery,2025-05-11,Bootcamp Cohort 1,2001286,"Rebeccatown, CA"
C0860,Jones-Wolf,Robotics,Funded,2025-05-07,Bootcamp Cohort 1,638285,"Port Rebeccaville, CT"
C0861,"Houston, Gonzales and Salazar",Robotics,Funded,2025-07-21,Concept to Customer,1001817,"Craigland, TN"
C0862,Ruiz-Frazier,AI,MVP,2025-06-23,Pre-Seed Lab,3077814,"Chapmanmouth, MD"
C0863,Collins-Rivera,HealthTech,MVP,2025-07-14,Bootcamp Cohort 2,724979,"Lake Jonview, SC"
C0864,"Campos, Mcdonald and Wilson",Robotics,Scaling,2025-05-29,Pre-Seed Lab,1974837,"East Elizabeth, ID"
C0865,"Hopkins, Bass and Conrad",AgTech,Scaling,2025-07-08,Concept to Customer,2124414,"Port Christinaville, MD"
C0866,"Alvarez, Campbell and Quinn",EdTech,Exited,2025-07-07,Bootcamp Cohort 1,3686012,"Chavezton, MI"
C0867,Evans-Reyes,Biotech,Discovery,2025-04-30,Bootcamp Cohort 1,2620780,"Whiteside, CA"
C0868,Smith-Rivera,Robotics,Scaling,2025-05-24,Pre-Seed Lab,4662094,"Jasonport, MN"
C0869,Poole Inc,FinTech,Funded,2025-05-21,Bootcamp Cohort 1,4057575,"New Christopher, ID"
C0870,Riley and Sons,FinTech,MVP,2025-05-14,Pre-Seed Lab,2403084,"Mcgeeton, DC"
C0871,"Cooper, Green and Rojas",Biotech,MVP,2025-06-12,Bootcamp Cohort 2,2293585,"Angelamouth, PA"
C0872,"Ramsey, Martin and Fernandez",Biotech,MVP,2025-04-28,Bootcamp Cohort 1,3442245,"South Kenneth, UT"
C0873,Harrison-Daniels,SaaS,Discovery,2025-06-13,Pre-Seed Lab,3980637,"East Casey, NH"
C0874,Thomas-Ayala,CleanTech,Funded,2025-06-26,Pre-Seed Lab,389201,"East Sylvia, WV"
C0875,Foster PLC,Biotech,MVP,2025-06-19,Concept to Customer,4268292,"Port Melissaberg, DE"
C0876,"Tucker, Murray and Adams",CleanTech,MVP,2025-06-29,Pre-Seed Lab,68267,"Robinside, OH"
C0877,"Johnson, Davis and Lindsey",Robotics,Discovery,2025-06-12,Venture Studio,923767,"Bethview, TX"
C0878,Wong-Hart,FinTech,Funded,2025-06-22,Bootcamp Cohort 2,2698505,"Hillshire, LA"
C0879,Martinez-Alvarez,Robotics,Funded,2025-07-03,Bootcamp Cohort 1,3384700,"New Lauraburgh, NC"
C0880,Mendoza-Jackson,EdTech,Exited,2025-06-08,Pre-Seed Lab,1217193,"Edwardstad, MS"
C0881,Bishop Inc,AI,Scaling,2025-07-18,Concept to Customer,4133553,"South Marissa, UT"
C0882,Price-Obrien,Biotech,Scaling,2025-05-25,Bootcamp Cohort 2,2225893,"Lake Sabrinaland, SC"
C0883,"Grant, Reynolds and Martin",EdTech,Scaling,2025-05-26,Pre-Seed Lab,4301165,"Serranotown, KS"
C0884,Jones-Jones,HealthTech,Funded,2025-07-19,Bootcamp Cohort 2,103555,"New Paultown, MD"
C0885,Carter and Sons,Robotics,Funded,2025-07-08,Pre-Seed Lab,619652,"East Matthewburgh, NH"
C0886,"Gomez, Jordan and Johnson",AgTech,MVP,2025-07-14,Pre-Seed Lab,3420639,"Port Paulatown, AZ"
C0887,"Green, Ochoa and Ibarra",Robotics,MVP,2025-05-07,Venture Studio,512872,"North Andrewberg, IL"
C0888,Tucker Group,EdTech,Funded,2025-06-19,Bootcamp Cohort 1,97983,"Rhondaville, MD"
C0889,Wilson Inc,Robotics,Discovery,2025-05-17,Venture Studio,4557015,"South Mackenziebury, MS"
C0890,Davis Ltd,Robotics,Discovery,2025-06-09,Concept to Customer,2883853,"Morrisonmouth, FL"
C0891,"Coleman, Kirk and Humphrey",SaaS,Exited,2025-07-08,Venture Studio,2865131,"East Brendaland, WV"
C0892,Taylor-Montgomery,Robotics,MVP,2025-07-17,Concept to Customer,1242042,"Michaelview, NM"
C0893,"Avery, Cox and Horton",Biotech,Exited,2025-07-10,Concept to Customer,356711,"Mullenfort, NY"
C0894,"Sanders, Abbott and Rodriguez",SaaS,Scaling,2025-06-11,Bootcamp Cohort 2,3044499,"Lake Jonathan, CT"
C0895,Mcdowell-Mosley,CleanTech,Funded,2025-05-26,Bootcamp Cohort 2,3264816,"Avilamouth, IN"
C0896,"Wallace, Benjamin and Kelley",Robotics,Discovery,2025-05-08,Venture Studio,437316,"South Peter, MD"
C0897,"Rivas, Rogers and Thomas",Biotech,Exited,2025-07-14,Pre-Seed Lab,2652798,"South Nathanhaven, MD"
C0898,Stanley and Sons,AgTech,Exited,2025-05-18,Pre-Seed Lab,4288722,"West Jamieburgh, AZ"
C0899,Humphrey-Wade,FinTech,Funded,2025-06-12,Concept to Customer,2984957,"Jamiehaven, WI"
C0900,Casey-Cox,Robotics,MVP,2025-07-17,Venture Studio,1223450,"New Kimberlystad, TX"
C0901,Martin Ltd,AgTech,Exited,2025-06-27,Bootcamp Cohort 1,1426972,"West Sarahhaven, DC"
C0902,Gibson LLC,FinTech,Funded,2025-05-06,Bootcamp Cohort 2,2242840,"Jonestown, NC"
C0903,"Rush, Cooper and Lowe",SaaS,Discovery,2025-06-03,Bootcamp Cohort 2,3949022,"Maynardport, DE"
C0904,"Ayala, Miller and Greene",FinTech,Scaling,2025-06-26,Bootcamp Cohort 1,4982694,"Joshuaton, ME"
C0905,Cook-Williamson,AI,Exited,2025-07-09,Pre-Seed Lab,498083,"East Tammy, PA"
C0906,"Mcdonald, Neal and Grant",Robotics,Discovery,2025-05-15,Bootcamp Cohort 2,436699,"Stevenbury, NY"
C0907,Jones-Perez,AgTech,Discovery,2025-04-28,Pre-Seed Lab,4104980,"Morenoberg, SD"
C0908,Montoya-Black,EdTech,Scaling,2025-06-02,Venture Studio,1335211,"Port Doris, OK"
C0909,"Russell, Jones and Le",Robotics,Funded,2025-06-01,Concept to Customer,4047372,"Johnsonview, KS"
C0910,Browning Group,EdTech,MVP,2025-07-02,Bootcamp Cohort 2,117532,"Lake Leslie, AR"
C0911,Johnson-Bautista,Robotics,MVP,2025-05-28,Venture Studio,3279582,"Lake Sherry, FL"
C0912,Williams and Sons,EdTech,MVP,2025-06-08,Bootcamp Cohort 2,1620421,"Parkerborough, HI"
C0913,Roth and Sons,CleanTech,Scaling,2025-05-19,Pre-Seed Lab,2685453,"West Rebeccafurt, NY"
C0914,"Perez, Cooper and Roberts",Robotics,Discovery,2025-05-31,Venture Studio,1876871,"Aaronport, IL"
C0915,Gonzalez-Holmes,AgTech,Exited,2025-05-03,Bootcamp Cohort 2,863519,"Elliston, OK"
C0916,Miller Group,EdTech,Exited,2025-06-20,Pre-Seed Lab,3492225,"Stevensport, MA"
C0917,Williams LLC,Biotech,MVP,2025-05-25,Pre-Seed Lab,3719269,"Morrisport, ND"
C0918,Smith-Gardner,HealthTech,Discovery,2025-04-29,Pre-Seed Lab,1923466,"Port Cynthia, WV"
C0919,Hickman PLC,EdTech,Discovery,2025-05-31,Bootcamp Cohort 1,1175916,"New Colleen, NE"
C0920,"Johnson, Greer and Young",HealthTech,Scaling,2025-05-14,Bootcamp Cohort 1,2052603,"Arielbury, KS"
C0921,"Strickland, Smith and Bryan",AI,Funded,2025-06-02,Concept to Customer,2669655,"New Lindsayberg, SC"
C0922,Wise Ltd,Biotech,MVP,2025-07-14,Bootcamp Cohort 1,1654096,"Clarkburgh, MD"
C0923,Casey Group,CleanTech,Discovery,2025-05-22,Pre-Seed Lab,962280,"Christinestad, LA"
C0924,"Sandoval, Black and Madden",AgTech,Funded,2025-06-30,Bootcamp Cohort 1,2318821,"Donnashire, TX"
C0925,Mills LLC,AI,MVP,2025-05-27,Bootcamp Cohort 2,4361625,"South Coltonside, AL"
C0926,Decker and Sons,AgTech,Discovery,2025-07-10,Venture Studio,2234605,"Matthewsberg, OH"
C0927,Thompson PLC,EdTech,Exited,2025-07-18,Venture Studio,4890209,"Port Josephtown, FL"
C0928,"Foster, Mejia and Fox",FinTech,Exited,2025-07-15,Concept to Customer,856689,"Melissamouth, VT"
C0929,"Kramer, Cox and Martin",CleanTech,Scaling,2025-06-25,Pre-Seed Lab,3059685,"Port Michaelburgh, NV"
C0930,"Fernandez, Burke and Allen",AgTech,Discovery,2025-05-09,Venture Studio,755480,"West Jessica, CA"
C0931,Hansen Ltd,AgTech,Funded,2025-07-05,Bootcamp Cohort 1,4453436,"Brianton, NV"
C0932,Butler LLC,HealthTech,MVP,2025-06-24,Venture Studio,3273440,"Dyerside, NE"
C0933,Ellis LLC,EdTech,MVP,2025-07-02,Pre-Seed Lab,3005205,"Olsonhaven, DC"
C0934,Yoder LLC,AI,MVP,2025-07-04,Pre-Seed Lab,344392,"Medinahaven, MN"
C0935,Edwards Inc,CleanTech,Discovery,2025-04-30,Bootcamp Cohort 2,3229684,"South David, ME"
C0936,"Johnson, Frye and Johnson",SaaS,Exited,2025-06-11,Venture Studio,3062998,"Port Katrinaview, NE"
C0937,Greene PLC,Robotics,Funded,2025-06-08,Bootcamp Cohort 2,2594557,"Port Jerrystad, MO"
C0938,Payne Group,SaaS,Discovery,2025-06-13,Venture Studio,83931,"Lake Tammyshire, AK"
C0939,Coleman Inc,Biotech,Discovery,2025-06-18,Venture Studio,4502392,"West Kimberly, NC"
C0940,"Evans, Whitaker and Thomas",AgTech,MVP,2025-07-21,Bootcamp Cohort 1,443159,"Jonathantown, AK"
C0941,Neal-Brown,HealthTech,Funded,2025-05-03,Bootcamp Cohort 2,740299,"Davidburgh, NM"
C0942,Park-Thompson,SaaS,Discovery,2025-06-23,Venture Studio,1996205,"Henryside, IA"
C0943,Taylor LLC,FinTech,Exited,2025-05-12,Concept to Customer,4990608,"Anthonyton, GA"
C0944,Carter Group,AI,Exited,2025-06-24,Venture Studio,138002,"East Alvinstad, OR"
C0945,Taylor PLC,CleanTech,Exited,2025-05-11,Pre-Seed Lab,554350,"Port Candice, NY"
C0946,Houston-Wright,FinTech,Funded,2025-05-13,Pre-Seed Lab,418858,"New Patriciafurt, MO"
C0947,Barber LLC,FinTech,Exited,2025-05-15,Bootcamp Cohort 2,4704498,"South Kyleview, TN"
C0948,"Barnett, Fuentes and Garcia",FinTech,Funded,2025-05-15,Bootcamp Cohort 1,82364,"Joshuabury, NM"
C0949,"Wright, Smith and Johnson",CleanTech,Exited,2025-07-21,Bootcamp Cohort 1,3173549,"Palmermouth, NE"
C0950,Allen-Guerrero,AgTech,Discovery,2025-05-28,Venture Studio,160412,"Melissaview, NV"
C0951,"Adkins, Santiago and Welch",AI,Discovery,2025-07-16,Bootcamp Cohort 1,2089770,"Lake Fredbury, VA"
C0952,Duncan-Walker,Robotics,Scaling,2025-05-14,Bootcamp Cohort 2,1994628,"Daughertychester, MO"
C0953,Perkins Inc,Robotics,Discovery,2025-05-15,Bootcamp Cohort 2,1287544,"Justinstad, GA"
C0954,Blanchard-Mendez,Biotech,Discovery,2025-06-28,Venture Studio,3093666,"Morganshire, ID"
C0955,Anderson Group,FinTech,Funded,2025-07-14,Venture Studio,793311,"North Michael, WA"
C0956,Daniel-Shaw,Biotech,Scaling,2025-04-28,Bootcamp Cohort 1,4488679,"East Michelleside, VA"
C0957,Hendrix-Cortez,AgTech,Exited,2025-05-14,Bootcamp Cohort 1,488422,"South Mindy, MS"
C0958,Craig LLC,Biotech,MVP,2025-05-12,Venture Studio,412732,"Port Shannon, MA"
C0959,Jackson Group,HealthTech,Discovery,2025-07-15,Venture Studio,406613,"North Sheilastad, MI"
C0960,Kramer LLC,Robotics,MVP,2025-07-18,Bootcamp Cohort 2,1938506,"Phillipsview, WV"
C0961,Cooley-Palmer,Robotics,Scaling,2025-07-08,Pre-Seed Lab,4684366,"Hoodtown, NY"
C0962,Glover-Nelson,SaaS,Scaling,2025-06-04,Pre-Seed Lab,1233495,"East Deborah, NJ"
C0963,Adams-Jimenez,EdTech,Scaling,2025-05-21,Pre-Seed Lab,1672848,"Knightfurt, OH"
C0964,White-Bennett,HealthTech,Funded,2025-07-19,Bootcamp Cohort 1,2428492,"Madelinefort, HI"
C0965,Woods Ltd,EdTech,MVP,2025-07-10,Bootcamp Cohort 1,1566779,"Gailtown, MO"
C0966,"Baker, Kelly and Mack",FinTech,Funded,2025-05-22,Bootcamp Cohort 2,740661,"East Sarah, UT"
C0967,Johnson-Barton,AgTech,Funded,2025-07-17,Bootcamp Cohort 2,336895,"Monroeside, ID"
C0968,"Blair, Robinson and Smith",Biotech,Scaling,2025-07-06,Pre-Seed Lab,723603,"Micheleborough, WA"
C0969,"Meyer, Morales and Reynolds",Robotics,Funded,2025-07-25,Venture Studio,3341263,"Careyside, SD"
C0970,Graves-Greene,AI,MVP,2025-04-29,Bootcamp Cohort 1,1242667,"Feliciaside, DC"
C0971,Evans Group,AgTech,Discovery,2025-06-24,Pre-Seed Lab,341129,"Cortezborough, WA"
C0972,Smith Group,CleanTech,MVP,2025-05-12,Pre-Seed Lab,2564542,"Port Patricia, KS"
C0973,Lee-Hughes,AgTech,Funded,2025-05-17,Concept to Customer,934974,"Tammyland, WV"
C0974,Smith-Reeves,AgTech,MVP,2025-06-02,Bootcamp Cohort 2,3243230,"North Michael, CA"
C0975,Wilson-Hill,EdTech,Exited,2025-07-24,Venture Studio,2751431,"North Adam, KS"
C0976,Hernandez-Carpenter,FinTech,Exited,2025-07-09,Concept to Customer,3946811,"Josehaven, CO"
C0977,Rich PLC,AI,Exited,2025-07-10,Bootcamp Cohort 2,2133135,"North Jeanmouth, NJ"
C0978,Chang LLC,AI,Scaling,2025-05-09,Bootcamp Cohort 2,4130880,"Shawnland, FL"
C0979,Wu-Bishop,AgTech,Scaling,2025-05-22,Venture Studio,4056386,"Port Abigailland, TX"
C0980,"Stout, Mullins and Wilson",CleanTech,Funded,2025-06-29,Concept to Customer,4073829,"West Jasmineton, CT"
C0981,Guerra PLC,HealthTech,Scaling,2025-05-14,Pre-Seed Lab,3986490,"North Jamesmouth, UT"
C0982,Garcia-Evans,AgTech,Discovery,2025-05-19,Venture Studio,2452055,"Garciaside, WA"
C0983,Joyce Ltd,AI,Funded,2025-05-03,Bootcamp Cohort 2,222611,"Lake David, NH"
C0984,"Young, Mercado and Garcia",CleanTech,MVP,2025-04-30,Venture Studio,2484147,"Ryanport, ME"
C0985,"Klein, Chang and Fox",HealthTech,Funded,2025-05-13,Bootcamp Cohort 2,3212992,"Roseborough, WV"
C0986,"Cooper, Foster and Rice",Biotech,Exited,2025-06-01,Venture Studio,1650746,"Joshuamouth, WV"
C0987,"Stanton, Gray and Bolton",Biotech,Scaling,2025-05-02,Concept to Customer,1028852,"Smithton, MO"
C0988,"Bailey, Robertson and Mora",Robotics,Scaling,2025-07-04,Bootcamp Cohort 2,3128382,"Lake Sarah, MD"
C0989,Evans-Schroeder,Robotics,MVP,2025-05-19,Pre-Seed Lab,1417190,"Port Amandaland, ND"
C0990,"Powers, Hughes and Foster",AI,Funded,2025-06-28,Concept to Customer,736785,"Christensentown, NY"
C0991,Owens Inc,AgTech,Discovery,2025-07-17,Concept to Customer,3658923,"Lake Kimburgh, NV"
C0992,Bridges-Watson,AgTech,MVP,2025-05-06,Pre-Seed Lab,1706546,"Priceburgh, ME"
C0993,Vang Ltd,HealthTech,Scaling,2025-07-25,Concept to Customer,66540,"Sanderschester, KY"
C0994,Martinez-Waters,AI,Scaling,2025-05-01,Concept to Customer,1390201,"Lake Chaseland, NY"
C0995,Smith-Barker,Biotech,Scaling,2025-05-30,Concept to Customer,3581068,"Williamsburgh, SC"
C0996,"Davis, Rogers and Pittman",EdTech,Funded,2025-06-23,Bootcamp Cohort 2,2784025,"Lake Cynthia, MI"
C0997,Obrien and Sons,AI,Discovery,2025-05-30,Venture Studio,2143875,"Haleyland, ND"
C0998,Juarez Group,AI,Funded,2025-05-17,Bootcamp Cohort 2,320643,"South William, DE"
C0999,Berry-Bowman,AI,Exited,2025-06-24,Bootcamp Cohort 2,3122321,"Stacyland, NV"
C1000,Miller-Robinson,CleanTech,Funded,2025-05-24,Bootcamp Cohort 2,3818150,"Port Sonyatown, IL"
