Contact_ID,Name,Role,Email,Company_ID,Last_Meeting
P0001,William Frost,CEO,matthewwilliams@gmail.com,C0105,2025-05-24
P0002,Maria Huff,CEO,youngtracey@yahoo.com,C0340,2025-05-02
P0003,Ryan Finley,Founder,browntanya@bond.com,C0343,2025-07-21
P0004,Debra Garrett,Founder,fmunoz@hotmail.com,C0942,2025-06-19
P0005,Kristi Moore,CTO,linda73@carpenter.com,C0040,2025-07-20
P0006,Catherine Singleton,CEO,tpowell@hotmail.com,C0342,2025-06-10
P0007,Courtney Sutton,CEO,qjohnson@hotmail.com,C0440,2025-07-21
P0008,Jeffrey Allen,Founder,cody83@yahoo.com,C0604,2025-06-03
P0009,Duane Mendoza,Founder,ybrock@gmail.com,C0940,2025-06-06
P0010,Tony Garza,COO,stephencaldwell@thomas-coleman.com,C0764,2025-06-30
P0011,Shelly Barker,CTO,mitchellmichelle@sims.com,C0447,2025-06-01
P0012,Jennifer Jones,CTO,ehenderson@gmail.com,C0668,2025-06-18
P0013,Tiffany Warren,CEO,nhayden@hotmail.com,C0191,2025-05-03
P0014,Austin Campbell,Founder,jhayes@gmail.com,C0554,2025-07-09
P0015,Jason Vargas,CTO,vlowe@holloway-hill.com,C0778,2025-07-13
P0016,Christopher Moore,CTO,kingaimee@rodriguez.com,C0565,2025-07-12
P0017,Brendan Williams,CEO,vgarcia@williams.com,C0926,2025-05-14
P0018,Zachary Thomas,COO,ryan59@cisneros.biz,C0623,2025-07-25
P0019,Joseph Cook,Founder,kurtyoung@yahoo.com,C0485,2025-05-10
P0020,Emily Brown,COO,jenniferreed@ross-brown.org,C0273,2025-05-03
P0021,Tamara Ramirez,CTO,jonesjames@gmail.com,C0829,2025-05-14
P0022,Gabrielle Archer,CTO,elizabethmoyer@gmail.com,C0316,2025-06-20
P0023,Melissa Kelley,Founder,haleyhanson@ryan.org,C0562,2025-07-11
P0024,James White,COO,mcphersondaniel@patton.info,C0105,2025-06-25
P0025,Monica Lee,CEO,clewis@gmail.com,C0146,2025-05-19
P0026,Mr. Ryan Graham,Founder,christopher86@gmail.com,C0565,2025-07-14
P0027,Lisa Grant,CTO,lisa58@gmail.com,C0820,2025-06-27
P0028,Patrick Simpson,COO,brad94@rowland.com,C0373,2025-07-26
P0029,Joseph Williams,CTO,molinajacqueline@barajas-burnett.biz,C0892,2025-05-19
P0030,Judith Maddox,CTO,fraziersamantha@gmail.com,C0006,2025-07-06
P0031,Amanda Matthews,COO,ghughes@walsh.com,C0227,2025-07-16
P0032,Jacob Griffin,CEO,nataliedavies@olson-jenkins.com,C0357,2025-05-25
P0033,Derek Bell,CEO,youngholly@hotmail.com,C0498,2025-05-13
P0034,Rita Reynolds,COO,klinecraig@yahoo.com,C0862,2025-06-30
P0035,Ashley Mcbride,CTO,parmstrong@hanson.biz,C0616,2025-07-18
P0036,Chelsea Carter,Founder,lisaponce@montgomery.com,C0517,2025-06-24
P0037,Toni Curtis,Founder,kimberlycollins@gmail.com,C0173,2025-06-02
P0038,Danielle Murillo,Founder,shanemartin@hotmail.com,C0292,2025-07-04
P0039,Brandon Anderson,CEO,fpierce@hotmail.com,C0812,2025-05-20
P0040,Katherine Montgomery,CTO,farrellcaitlin@winters.com,C0346,2025-07-12
P0041,Tracy Williams,CTO,hooperbrittany@smith.com,C0717,2025-05-25
P0042,Ryan Cox,Founder,david28@gmail.com,C0681,2025-06-15
P0043,Michael Thomas,CTO,clayjames@johnson-dickson.net,C0916,2025-07-10
P0044,Zachary King,COO,donaldmcknight@morales.com,C0081,2025-05-31
P0045,Tina Johns,CTO,fjames@sharp-harrington.com,C0826,2025-07-02
P0046,Joseph Spears,COO,daniel95@yahoo.com,C0718,2025-06-02
P0047,Leah Brooks,CEO,ernest43@lewis.net,C0672,2025-07-21
P0048,Jose Bennett,CEO,westtimothy@day.com,C0382,2025-06-15
P0049,Jessica Coleman,CTO,traci66@reeves.com,C0571,2025-07-06
P0050,Maria Henderson,CEO,ubowers@webb-pearson.org,C0449,2025-05-07
P0051,David Cooley,COO,foxbrandon@wilkerson.com,C0593,2025-06-19
P0052,Richard Rodriguez,COO,fgoodwin@hotmail.com,C0457,2025-05-10
P0053,Greg Chavez,Founder,susan71@lamb.info,C0774,2025-07-01
P0054,Dawn Reed,CEO,qhudson@adams.com,C0260,2025-05-08
P0055,Laura Johnson,Founder,mjackson@martin-james.com,C0606,2025-07-04
P0056,George Orozco,Founder,andrew85@hotmail.com,C0341,2025-05-05
P0057,Brett Mitchell,COO,larrywells@gmail.com,C0736,2025-05-13
P0058,Erik Stephens,Founder,nicholasjackson@yahoo.com,C0420,2025-05-17
P0059,Joshua Wallace,CEO,amy94@gmail.com,C0204,2025-06-23
P0060,Paul Paul,COO,imarshall@osborne.com,C0847,2025-05-03
P0061,Nicholas King,COO,andrea62@gmail.com,C0227,2025-07-24
P0062,Patrick Chambers,CTO,vdouglas@gmail.com,C0140,2025-06-15
P0063,Madison Williams,CTO,nolson@yahoo.com,C0607,2025-05-13
P0064,Aaron Wang,Founder,bradley02@holt.org,C0978,2025-07-01
P0065,Kristen Lyons,Founder,caleb24@lee.com,C0211,2025-05-24
P0066,Jennifer Silva,CEO,pwoodward@hotmail.com,C0548,2025-06-15
P0067,Max Adams,CEO,rmiller@gmail.com,C0526,2025-06-02
P0068,Matthew Cantrell,COO,howelljeremy@hotmail.com,C0368,2025-07-20
P0069,Christian Rush,CEO,lmartinez@gmail.com,C0789,2025-06-23
P0070,Lindsey Kelly,Founder,james26@gmail.com,C0476,2025-07-24
P0071,Chris Garcia,CTO,amy52@gmail.com,C0656,2025-05-12
P0072,Daniel Ryan,COO,tayloramy@gmail.com,C0910,2025-05-17
P0073,Shelly Jackson,CEO,ojohnson@king-bailey.com,C0569,2025-05-05
P0074,Jonathan Keith,CTO,melissa81@yahoo.com,C0516,2025-06-11
P0075,Thomas Johnston,Founder,josephbrittany@cooper-simmons.net,C0933,2025-05-26
P0076,John Christian,Founder,kathy31@wall.info,C0951,2025-06-22
P0077,Kenneth Little,Founder,cassandra69@hotmail.com,C0108,2025-04-28
P0078,Nicole Farmer MD,Founder,favila@hotmail.com,C0090,2025-06-05
P0079,Calvin Taylor,Founder,woodscynthia@thomas.com,C0337,2025-04-30
P0080,Tara Moore,COO,dlynch@lopez-moore.net,C0626,2025-07-17
P0081,Tara Cummings,CTO,jennifer04@brooks.com,C0050,2025-06-17
P0082,Timothy Walker,Founder,klamb@simon-green.com,C0354,2025-06-06
P0083,Barry Rodriguez,CTO,michelevillanueva@mosley.com,C0544,2025-06-22
P0084,Debra Sanchez,Founder,nathan46@hebert-thomas.com,C0520,2025-06-02
P0085,Sarah Hines,COO,bjohnson@harrison-parker.org,C0082,2025-06-17
P0086,Alicia Rice,CTO,james84@wheeler.net,C0359,2025-06-04
P0087,Howard Hudson,CEO,ecuevas@gmail.com,C0961,2025-07-06
P0088,Connor Hall,CTO,travisrice@parrish.net,C0949,2025-05-12
P0089,Paul Nguyen,COO,christopher47@yahoo.com,C0280,2025-05-11
P0090,Jessica Gibbs,CEO,thomaswilliams@harris-gilmore.net,C0095,2025-06-12
P0091,Amy Wood,CEO,ltrevino@webster-fitzgerald.com,C0932,2025-07-04
P0092,David Murray,COO,amandabuchanan@gmail.com,C0094,2025-05-19
P0093,Melissa Randall,Founder,vasquezashley@nolan.com,C0983,2025-05-01
P0094,Kevin Leon MD,CEO,welchmarvin@hotmail.com,C0592,2025-05-18
P0095,Christina Gonzalez,CTO,fhogan@gmail.com,C0422,2025-07-07
P0096,Luke Lee,CTO,robert79@wilson-bishop.net,C0193,2025-05-25
P0097,Anthony Stephens,CEO,duncanjacob@rangel-delacruz.com,C0666,2025-06-02
P0098,Kathryn Watson,Founder,denisebaldwin@gmail.com,C0636,2025-05-22
P0099,Shari Joseph,CEO,gkennedy@hotmail.com,C0193,2025-07-12
P0100,Levi Martin,CEO,robertleonard@huynh.org,C0405,2025-06-06
P0101,Christopher Castro,CEO,emilytate@hotmail.com,C0851,2025-06-19
P0102,Derrick Miller,CEO,austin17@gmail.com,C0255,2025-07-19
P0103,Steven Dixon,COO,ryanvanessa@duran.com,C0949,2025-05-19
P0104,Jessica Anthony,COO,ghatfield@peters.com,C0743,2025-05-13
P0105,Eric Roberts,Founder,julie26@gmail.com,C0054,2025-06-22
P0106,Kathleen Williams,COO,daniellewilkerson@hotmail.com,C0502,2025-05-13
P0107,Karina Richard DDS,CEO,lindajackson@underwood-williams.net,C0528,2025-06-07
P0108,Wanda Yates,Founder,fwall@yahoo.com,C0309,2025-07-21
P0109,Jon Ortiz,CTO,emily91@hotmail.com,C0946,2025-06-08
P0110,Christopher Logan,Founder,amanda95@morrison-kemp.info,C0321,2025-07-02
P0111,Morgan Mcfarland,Founder,holly20@hotmail.com,C0013,2025-06-05
P0112,Chelsea Vaughn,CEO,ngalloway@pittman.com,C0156,2025-05-12
P0113,Danielle Rogers,CTO,jillholder@yahoo.com,C0348,2025-07-03
P0114,Michael Gardner,CEO,ihammond@gmail.com,C0397,2025-07-05
P0115,Brandi Flores,Founder,susan42@gmail.com,C0399,2025-07-21
P0116,Jamie Sanders,Founder,ruizrobert@harris.com,C0369,2025-05-05
P0117,Amanda Baker,CEO,pwilliams@harrison.com,C0625,2025-04-30
P0118,Kathryn Diaz,COO,sarah78@rosales-williams.com,C0720,2025-07-22
P0119,Jennifer Phillips,CEO,alexisdaniel@hotmail.com,C0771,2025-06-21
P0120,Justin Williams,CTO,zhill@brown-norris.com,C0551,2025-07-24
P0121,Steven Blackwell,CEO,ylong@hotmail.com,C0196,2025-06-15
P0122,Hayley Fowler,CTO,wrightdeborah@johnson-miller.net,C0199,2025-05-15
P0123,Mark Tucker,CEO,wrandolph@gmail.com,C0260,2025-05-23
P0124,Jacqueline Gonzales,CEO,alexander33@yahoo.com,C0113,2025-05-27
P0125,Lisa Jones,COO,fjones@yahoo.com,C0946,2025-05-21
P0126,Bruce Haynes,COO,melissa43@gmail.com,C0997,2025-07-21
P0127,Patrick Jones,CEO,gordonjose@gmail.com,C0287,2025-07-23
P0128,Jill Fitzgerald,COO,idaniel@hobbs.com,C0094,2025-07-23
P0129,Steven Jones,COO,omorrison@mayo.info,C0529,2025-07-13
P0130,Ryan Crosby,CEO,margaret03@gmail.com,C0600,2025-06-11
P0131,Kathleen Bauer,CEO,derrick76@gmail.com,C0878,2025-06-08
P0132,Jasmine Jones,COO,sherryedwards@gmail.com,C0041,2025-06-20
P0133,Luis Fisher,CTO,fordangela@bryant-williams.com,C0336,2025-06-23
P0134,Ashley Burke,COO,melissagibson@gmail.com,C0395,2025-05-21
P0135,Brian Harper,Founder,njones@burns-rogers.com,C0032,2025-06-28
P0136,John Jones,CEO,jeffreygomez@hotmail.com,C0469,2025-06-15
P0137,Scott Clark,Founder,jesseconner@yahoo.com,C0646,2025-05-09
P0138,Jordan Morrison,CEO,lisameyers@duran.com,C0491,2025-05-23
P0139,Brandon Hall,COO,ebrown@gmail.com,C0318,2025-06-30
P0140,Cynthia Chavez,CTO,jcarlson@trujillo.com,C0250,2025-05-21
P0141,Debbie Huang,CEO,victoria03@yahoo.com,C0504,2025-06-27
P0142,Darren Ochoa,COO,zclayton@daniels.com,C0928,2025-05-15
P0143,Charlene Delgado,CEO,bauergeorge@flores-carter.org,C0999,2025-07-16
P0144,Michael Harris,CTO,isabelferguson@francis.org,C0905,2025-05-05
P0145,Shawn May,COO,adam09@colon.net,C0375,2025-07-02
P0146,Timothy Maddox,CEO,amberparker@simmons.com,C0769,2025-05-08
P0147,Amanda Parker,COO,kenneth55@hotmail.com,C0560,2025-07-19
P0148,Linda Lyons,Founder,jon94@luna.com,C0414,2025-05-23
P0149,Kyle Gordon,CTO,karen15@hotmail.com,C0485,2025-05-21
P0150,Blake Richardson,Founder,xcrawford@yahoo.com,C0527,2025-06-07
P0151,Brittany Barrett,COO,michele41@pratt.info,C0089,2025-06-16
P0152,Alexis James,CTO,glennsteven@hotmail.com,C0257,2025-07-02
P0153,Jacob Jackson,COO,matthewwatkins@gmail.com,C0695,2025-05-09
P0154,Dawn Buckley,CEO,robertsonchristina@gmail.com,C0165,2025-06-03
P0155,Mary White,Founder,carlaoconnor@barker-fuller.com,C0208,2025-05-10
P0156,Brittany Huff,COO,cbailey@frey-bailey.com,C0645,2025-05-14
P0157,Kristin Ford,COO,rhill@yahoo.com,C0685,2025-05-27
P0158,Judy Rowe,CTO,markmiller@jacobson.info,C0005,2025-07-13
P0159,Hailey Hess,COO,weaverjennifer@hotmail.com,C0088,2025-07-11
P0160,Matthew Fernandez,CEO,merritteric@yahoo.com,C0684,2025-06-29
P0161,Alison Mccoy,Founder,znguyen@beard-galvan.com,C0355,2025-06-26
P0162,Joseph Gray,CTO,ortizrobert@martinez-williams.info,C0496,2025-06-11
P0163,Kenneth Johnson,CEO,jimenezamy@simpson.com,C0373,2025-07-06
P0164,Anthony Brown,CTO,harrisbrittany@soto-woods.info,C0476,2025-06-20
P0165,Terri Ford,COO,obarber@garcia.com,C0310,2025-05-08
P0166,Jessica Watkins DVM,CEO,msalas@hotmail.com,C0404,2025-04-30
P0167,Ashley Johnson,COO,dunlapmichael@taylor-howard.com,C0913,2025-06-27
P0168,Jordan White,CEO,beckgregory@hotmail.com,C0635,2025-06-19
P0169,Joshua Miller,CTO,jennifertaylor@hotmail.com,C0628,2025-05-07
P0170,Nathan Hernandez,CEO,joy43@ramirez-ramirez.com,C0866,2025-07-13
P0171,Michelle Stanley,Founder,mcurtis@hotmail.com,C0456,2025-05-12
P0172,Maxwell Ramirez,COO,whughes@johnson.com,C0271,2025-07-01
P0173,Morgan Garcia,Founder,htaylor@yahoo.com,C0550,2025-07-09
P0174,Dr. Jeffrey Walsh,CEO,eric81@gmail.com,C0337,2025-05-25
P0175,Matthew Carpenter,CEO,michaelgonzales@schroeder-newman.info,C0049,2025-07-12
P0176,John Hernandez,CEO,turneralexander@hotmail.com,C0576,2025-06-28
P0177,Angelica Olsen,CEO,pmoore@thomas-washington.org,C0379,2025-05-25
P0178,Lindsay Flores,CTO,jonathan47@yahoo.com,C0144,2025-05-22
P0179,Jessica Rodriguez,CTO,howelljared@gmail.com,C0736,2025-06-26
P0180,Amy Rodriguez,COO,jennifer63@boyd.biz,C0661,2025-06-11
P0181,Michael Hale,CEO,adrake@cook-foster.com,C0286,2025-05-21
P0182,Sara Coleman,CEO,holmespenny@porter.net,C0531,2025-05-08
P0183,Martin King,CTO,torreskristin@hotmail.com,C0593,2025-05-02
P0184,Angel Smith,COO,petersonshelby@gmail.com,C0841,2025-06-10
P0185,Aaron Henry,Founder,paulgarcia@powers.com,C0599,2025-07-16
P0186,Edward Smith,CEO,heather91@gmail.com,C0568,2025-06-16
P0187,Matthew Pope,CTO,hshaffer@hotmail.com,C0248,2025-05-21
P0188,Elizabeth Jensen,Founder,cardenasjeffrey@hotmail.com,C0895,2025-06-05
P0189,Jeremy Torres,CEO,isaiahmendez@petty.com,C0571,2025-05-02
P0190,Christina Elliott,CEO,connerdaniel@zuniga-barrett.com,C0137,2025-05-17
P0191,Scott Bruce,Founder,klewis@gmail.com,C0115,2025-07-19
P0192,Robert Jefferson,Founder,david76@ray.com,C0202,2025-07-04
P0193,Joseph Foster,COO,woliver@perry-green.com,C0708,2025-07-11
P0194,Melissa Castillo,Founder,hsmith@kane-ware.com,C0204,2025-07-03
P0195,Jeffrey Riley,CTO,bryantjoanne@gmail.com,C0181,2025-06-24
P0196,Lori Marshall DVM,CTO,gillespiejeffery@gmail.com,C0961,2025-05-31
P0197,Rebecca Brock,Founder,wjohnson@gmail.com,C0190,2025-06-30
P0198,James Klein,COO,johnsoncindy@yahoo.com,C0338,2025-05-14
P0199,Antonio Smith,COO,ashleyyoung@scott.net,C0155,2025-06-25
P0200,Kimberly Underwood,CEO,matthewwatson@sharp-smith.org,C0014,2025-06-07
P0201,Maria Huff,COO,marvinhoward@clark.com,C0345,2025-07-23
P0202,Alyssa Hall,Founder,bsmith@solomon.com,C0653,2025-04-28
P0203,Carmen Matthews,CEO,dtaylor@hotmail.com,C0756,2025-05-05
P0204,Carlos Hernandez,COO,lsmith@gmail.com,C0828,2025-05-05
P0205,Erik Burns,Founder,joshuawarner@bartlett.com,C0889,2025-07-01
P0206,Joshua Cummings,CEO,brandon45@sparks.net,C0985,2025-06-27
P0207,Melanie Franklin,CTO,cameron79@yahoo.com,C0180,2025-04-28
P0208,Amanda Vega,Founder,kathleenmunoz@morales-king.info,C0328,2025-07-23
P0209,Brett Ortiz,COO,jacobgonzalez@gmail.com,C0337,2025-05-31
P0210,Kelly Davis,COO,csmith@morgan-thomas.org,C0929,2025-07-05
P0211,Nichole Herring,CTO,scottluis@yahoo.com,C0740,2025-06-22
P0212,Aaron Ferguson,Founder,williammaynard@gmail.com,C0041,2025-06-27
P0213,Kyle Williams,COO,heidihart@garcia.com,C0092,2025-05-13
P0214,Johnny Mcdaniel,COO,devincochran@simpson.biz,C0992,2025-07-12
P0215,Debra Owens,CEO,cameronthompson@le.com,C0806,2025-05-13
P0216,Anthony Mcgee,CTO,millerbrittany@hotmail.com,C0293,2025-06-12
P0217,Joseph Carroll,CEO,rperez@gmail.com,C0084,2025-06-02
P0218,Stephanie Mccoy,CEO,brianrichmond@ramos.org,C0009,2025-06-26
P0219,Luis Patterson,Founder,pdiaz@hotmail.com,C0141,2025-06-16
P0220,Jason Perez,COO,nhahn@chung.biz,C0036,2025-07-22
P0221,Lisa Meyers,CEO,millercasey@hotmail.com,C0922,2025-05-29
P0222,Sherry Reyes,CEO,dfrench@ford.com,C0636,2025-07-13
P0223,Jake Murphy,CEO,stephaniemills@wilson-edwards.com,C0211,2025-06-18
P0224,Claudia Glass,COO,landrygregory@hotmail.com,C0974,2025-07-04
P0225,Renee Werner,Founder,scottmassey@lane.com,C0483,2025-05-13
P0226,Anthony Smith,CEO,xjackson@gmail.com,C0266,2025-07-04
P0227,Laura Rivera,COO,ujohnson@gmail.com,C0608,2025-05-08
P0228,Mr. Christopher Thomas Jr.,COO,yrichards@jefferson.info,C0578,2025-05-30
P0229,William Hughes,CEO,burkealyssa@warren.com,C0297,2025-07-16
P0230,Paul Kim,CEO,matthewpowell@yahoo.com,C0870,2025-06-22
P0231,Rachel Lopez,CEO,lrogers@hotmail.com,C0992,2025-07-14
P0232,Destiny Nichols,COO,uowens@gmail.com,C0186,2025-06-08
P0233,Howard Kirk,Founder,robin04@weaver.com,C0540,2025-06-20
P0234,Micheal Moore,CTO,amalone@summers-wilson.com,C0641,2025-07-23
P0235,Michael Joyce,COO,copelandderek@huang.biz,C0819,2025-06-08
P0236,Kelly Mercado,COO,joshuamcdonald@smith.biz,C0336,2025-06-09
P0237,Kathleen Drake,CTO,george40@little.info,C0730,2025-05-21
P0238,Kevin Thompson,CEO,laura83@gardner.com,C0991,2025-06-04
P0239,Amber Nelson,Founder,christinewhite@benton.info,C0650,2025-07-20
P0240,Joshua Rivera,Founder,middletonfaith@ramsey.com,C0525,2025-05-03
P0241,Carlos Rhodes,CEO,christopher63@hotmail.com,C0752,2025-06-08
P0242,Kristina Miller,CEO,james18@hotmail.com,C0927,2025-05-01
P0243,Natalie Chavez,CEO,rsmith@bean.info,C0800,2025-06-05
P0244,Robert Jones,COO,jason41@walker.com,C0021,2025-06-20
P0245,John Gray,Founder,ruthwatkins@hotmail.com,C0854,2025-06-07
P0246,Robert Stone,CEO,zgalvan@yahoo.com,C0201,2025-06-26
P0247,Pamela Wilson,CEO,ustewart@silva.org,C0270,2025-07-11
P0248,Michael Salinas,CEO,stephensvincent@stewart.com,C0874,2025-07-10
P0249,Karen Becker,CTO,mirandareed@yahoo.com,C0722,2025-07-13
P0250,Danielle Sanchez,COO,mary40@anderson-francis.com,C0366,2025-06-23
P0251,Amanda Braun,CEO,stevenharmon@yahoo.com,C0373,2025-05-12
P0252,Julie Mora,COO,monica84@francis.info,C0530,2025-07-19
P0253,Dr. Sophia Garcia,CTO,wlong@gmail.com,C0904,2025-07-08
P0254,Ashley Gonzalez,Founder,rachelthompson@lawrence.com,C0637,2025-06-06
P0255,Sharon Miller,CEO,shernandez@wells.com,C0852,2025-06-13
P0256,Cory Yu,Founder,joe98@hotmail.com,C0755,2025-06-19
P0257,Patricia Downs,CEO,ywilliams@west.com,C0680,2025-06-18
P0258,Donna Jones,CEO,emilywalker@johnson-johnson.com,C0487,2025-05-09
P0259,Heather Russo,CTO,luke13@hanson.com,C0006,2025-05-13
P0260,Jillian Barnes,CTO,huangkathy@yahoo.com,C0332,2025-05-17
P0261,Brittany Watts,CEO,timothy09@gmail.com,C0746,2025-06-01
P0262,William Smith,CEO,steelecharles@evans.com,C0174,2025-07-25
P0263,Jon Ochoa,CEO,jennifer10@hotmail.com,C0602,2025-05-26
P0264,Stephanie Bell,COO,qbutler@gmail.com,C0806,2025-05-18
P0265,Jennifer Ward,COO,ashley22@yahoo.com,C0292,2025-05-15
P0266,Gabriela Rogers,CTO,brettzuniga@lynn.net,C0849,2025-06-16
P0267,Kathy Payne,COO,braunchristopher@hansen-jones.com,C0634,2025-05-26
P0268,Anthony Howell,COO,emilyjones@yahoo.com,C0130,2025-06-22
P0269,Kiara Perez,CTO,smithpatty@curtis-bartlett.com,C0389,2025-06-10
P0270,Allison Woodward,CTO,nicolewright@taylor-kim.info,C0595,2025-04-28
P0271,Doris Novak,Founder,rbrown@smith.info,C0193,2025-07-06
P0272,Stephanie Richardson,Founder,webergail@yahoo.com,C0231,2025-06-09
P0273,Daniel Peterson,CEO,karajohnson@stephens-aguirre.com,C0013,2025-06-17
P0274,Andrea Lopez,CTO,cervantessusan@hammond-jones.com,C0701,2025-07-25
P0275,Jacqueline Quinn,CEO,stephenthornton@powers.com,C0394,2025-07-17
P0276,Jon Brown,CTO,kirbymatthew@johnson-randall.biz,C0997,2025-05-18
P0277,Richard Mills,Founder,pbartlett@hotmail.com,C0308,2025-05-28
P0278,Kelly Ruiz,CEO,millerryan@dickerson.com,C0753,2025-07-25
P0279,Sean Garcia,COO,paulbradley@morgan.com,C0848,2025-06-10
P0280,Tamara White,CTO,jamesmorgan@bennett-ryan.biz,C0549,2025-05-28
P0281,Katelyn Turner,Founder,drusso@harvey.com,C0778,2025-04-29
P0282,John Cruz,CEO,thomas99@gmail.com,C0366,2025-05-17
P0283,Laura Cardenas,CEO,alexis20@yahoo.com,C0161,2025-06-29
P0284,Joseph Johnson,Founder,williamsscott@yahoo.com,C0692,2025-05-10
P0285,John Nelson,COO,vmoore@carroll.org,C0034,2025-05-22
P0286,Timothy Skinner,COO,matthew42@yahoo.com,C0088,2025-06-21
P0287,Mandy Clark,Founder,richard34@gmail.com,C0439,2025-07-16
P0288,Taylor Brown,COO,karen84@rogers.com,C0653,2025-05-15
P0289,Christopher Turner,CTO,timothy35@mcintosh.biz,C0137,2025-06-27
P0290,Angelica Oconnor,CTO,sandra24@medina.com,C0440,2025-07-20
P0291,Michelle Downs,CTO,kimdaniel@johnson.com,C0840,2025-07-24
P0292,Glenn Buchanan,Founder,lopezjamie@hernandez.com,C0054,2025-05-18
P0293,Brooke Welch,CEO,wileystephanie@brown-chase.com,C0718,2025-06-16
P0294,Samantha Martinez,CTO,mkent@blackwell.net,C0978,2025-07-11
P0295,Kayla Cox,CTO,ayalakatie@warren.com,C0891,2025-06-22
P0296,Noah Jones,CTO,brooksrebecca@gmail.com,C0002,2025-07-16
P0297,Julie Rodriguez,COO,julie55@davila-fritz.com,C0394,2025-07-13
P0298,Michael Ingram,COO,yfoster@bennett.com,C0326,2025-04-29
P0299,Brett Love,COO,melissa45@jones-grant.com,C0954,2025-06-14
P0300,Toni Wilson,Founder,mcarlson@gmail.com,C0671,2025-06-19
P0301,Amanda Young,CTO,hartrobert@wyatt.info,C0614,2025-07-13
P0302,James Morris,CTO,izhang@hotmail.com,C0259,2025-06-29
P0303,Andrea Shelton,COO,john59@hotmail.com,C0343,2025-06-29
P0304,Arthur Sharp,CEO,landryderek@bates.com,C0068,2025-05-03
P0305,Drew Robinson,Founder,ngonzalez@moore.com,C0745,2025-05-06
P0306,Victoria Ward,COO,whitney24@johnson-guerrero.com,C0208,2025-05-23
P0307,Kari Finley,CTO,egraham@miller-brooks.com,C0401,2025-06-23
P0308,James Blankenship,CTO,zhangluis@lewis.com,C0959,2025-05-31
P0309,Sierra Stephens,CEO,smithbarbara@newton.biz,C0326,2025-06-01
P0310,Jennifer Sanchez,CTO,zgarcia@le-todd.com,C0295,2025-06-13
P0311,Mariah Walker,Founder,elizabeth69@hotmail.com,C0384,2025-05-31
P0312,Stephanie Dennis,COO,dennislonnie@williams.com,C0073,2025-07-02
P0313,Nicholas Sharp,COO,patricia11@parsons-sims.com,C0332,2025-07-20
P0314,Steve Richardson,Founder,brownheidi@yahoo.com,C0932,2025-05-09
P0315,Mrs. Christina Dunn MD,Founder,jamesmitchell@jones.biz,C0813,2025-05-29
P0316,Taylor Stevens,COO,hoffmankelsey@young.com,C0693,2025-06-16
P0317,Angela Rodriguez,Founder,amymcdaniel@oconnor.org,C0596,2025-05-15
P0318,Melanie Jensen,CTO,lisa39@delacruz.info,C0114,2025-05-18
P0319,Julie Donaldson,Founder,vvazquez@gmail.com,C0047,2025-05-03
P0320,Michael Yang,Founder,jbarron@gmail.com,C0539,2025-06-16
P0321,Patricia Davis,COO,mcintyrephillip@sanchez.com,C0404,2025-05-18
P0322,Shawn Smith,CEO,kylecisneros@brooks.com,C0696,2025-07-01
P0323,Stephen Rhodes,CEO,kreed@yahoo.com,C0965,2025-07-14
P0324,Sara Aguirre,CTO,maldonadomelissa@jackson.com,C0645,2025-05-02
P0325,Bailey Rodriguez,Founder,jasonnoble@thomas.com,C0824,2025-07-05
P0326,Jeffery Johnson,CTO,alexandria88@yahoo.com,C0073,2025-05-19
P0327,John Russell,CEO,leekelly@yahoo.com,C0055,2025-05-21
P0328,Emily Paul,CTO,lewiscarolyn@holt-taylor.com,C0543,2025-06-02
P0329,Victoria Simpson,CEO,rmcclure@hotmail.com,C0409,2025-07-07
P0330,Theresa Chang,CTO,jeremymcgee@hotmail.com,C0879,2025-07-17
P0331,Danielle Harding,Founder,braydavid@johnson.com,C0007,2025-06-16
P0332,Sharon Cordova,CTO,warrenlaura@yahoo.com,C0708,2025-07-24
P0333,Michelle Carter,Founder,rogersemma@hotmail.com,C0911,2025-06-21
P0334,Rebecca Brown,COO,iacosta@green-owens.info,C0425,2025-06-27
P0335,Todd Greene,Founder,silvachristopher@frye.com,C0057,2025-06-20
P0336,Lisa Howard,CEO,ashley88@miller.info,C0860,2025-06-11
P0337,Ryan Williams,COO,howardtony@gmail.com,C0833,2025-05-28
P0338,Brandon Vaughn,COO,wayne95@gmail.com,C0723,2025-05-08
P0339,George Wallace,CEO,amber69@harrell.org,C0398,2025-06-05
P0340,Christopher Santana,Founder,wknight@gmail.com,C0464,2025-07-15
P0341,Tiffany Smith,COO,heatherguzman@hotmail.com,C0574,2025-07-01
P0342,Peter Frey,CTO,moraleslaura@yahoo.com,C0795,2025-06-04
P0343,Edward Green,COO,owenbonnie@melton.org,C0362,2025-04-28
P0344,Thomas Curtis,CEO,foxrobin@watson.com,C0062,2025-07-14
P0345,Katherine Brady,Founder,yrice@hotmail.com,C0852,2025-06-21
P0346,Richard Hanson,Founder,linda98@yahoo.com,C0485,2025-05-02
P0347,Holly Williams,COO,michelefarrell@hamilton.org,C0020,2025-07-22
P0348,Kelly Henry,CEO,cainjoe@gmail.com,C0377,2025-07-23
P0349,Joseph Brown,COO,olivia58@gmail.com,C0365,2025-07-18
P0350,Brandy Chavez,CTO,bhall@freeman.com,C0507,2025-06-03
P0351,Mrs. Catherine Lee MD,CTO,bryan96@jennings.com,C0236,2025-05-12
P0352,Samantha Lopez,COO,stricklandshawn@austin.net,C0172,2025-05-10
P0353,Sarah Stevens,CEO,fmatthews@hayes-elliott.info,C0412,2025-07-11
P0354,Ashley Stevens,CTO,christinaaustin@gmail.com,C0702,2025-07-03
P0355,Travis Mendez,CTO,xyoung@clark.com,C0601,2025-05-08
P0356,Jacob Lewis,COO,alicia52@yahoo.com,C0293,2025-05-09
P0357,Erin Davis,Founder,moraleschristopher@taylor.org,C0794,2025-04-28
P0358,Jonathan Lopez,CEO,duncanjoe@gmail.com,C0064,2025-05-16
P0359,Robert Orr,CTO,vclark@gilbert-thompson.com,C0163,2025-05-30
P0360,Darlene Johnson,CTO,ellisdalton@hotmail.com,C0636,2025-07-14
P0361,Nicole Ortega,COO,nhill@baker-gallegos.com,C0562,2025-07-09
P0362,Larry Coleman,Founder,edward48@howard-crawford.com,C0252,2025-07-20
P0363,James Pratt,Founder,jmonroe@andrews.com,C0024,2025-04-30
P0364,Zachary Clark,CTO,michael78@quinn.com,C0227,2025-07-08
P0365,Cassie Collins,Founder,whitneymay@hotmail.com,C0803,2025-05-24
P0366,Marcus Gallegos,Founder,rachel80@yahoo.com,C0350,2025-05-26
P0367,James Jarvis,CTO,jennifer97@archer-wall.info,C0347,2025-06-29
P0368,Vincent Banks,CTO,ptrujillo@davenport.com,C0921,2025-07-05
P0369,Michael Erickson,COO,keithhernandez@howell.biz,C0248,2025-07-06
P0370,Anna Flores,CTO,cspence@hurley-estes.net,C0096,2025-05-18
P0371,Tyler Stephens,Founder,chernandez@yahoo.com,C0766,2025-05-01
P0372,Anthony Harris,CEO,john71@hotmail.com,C0353,2025-05-18
P0373,Christina Smith,Founder,ellishannah@hotmail.com,C0167,2025-07-17
P0374,Barbara Drake,CTO,elizabethgreene@hotmail.com,C0479,2025-06-07
P0375,Matthew Jensen,COO,hkidd@sutton.com,C0328,2025-04-29
P0376,Steven Holland,Founder,keithsexton@jones-wood.org,C0619,2025-06-26
P0377,Andrea Howell,CTO,croberts@hotmail.com,C0588,2025-05-28
P0378,Tammy Stevens,CTO,jacquelinepadilla@macias.net,C0797,2025-05-12
P0379,Paige Henderson,CTO,dianealexander@gmail.com,C0843,2025-05-02
P0380,Lauren Perez,Founder,jonathongill@gmail.com,C0085,2025-06-24
P0381,Janet Donovan,CEO,monica86@hensley.com,C0261,2025-06-23
P0382,Erica Bowers,CEO,hrichards@richardson.com,C0625,2025-07-23
P0383,Jon Barnes,COO,vlloyd@yahoo.com,C0494,2025-06-26
P0384,Angela Mann,COO,cruzkatherine@greer.com,C0647,2025-06-16
P0385,Michelle Curry,COO,katrinaboyd@jackson-miller.com,C0877,2025-05-01
P0386,Catherine Walls,CTO,hernandezjonathan@gmail.com,C0191,2025-07-18
P0387,Dr. Gregory Thomas Jr.,Founder,navarrojeffery@woodward-gregory.com,C0320,2025-05-20
P0388,April Morris,CEO,rdavis@miller.com,C0666,2025-07-24
P0389,Katelyn Davis,CEO,travissmith@love.com,C0369,2025-06-07
P0390,Monica Robbins,CTO,michaelthomas@hernandez.com,C0726,2025-07-23
P0391,Leah Perez,CEO,annaboyer@hogan.org,C0991,2025-06-20
P0392,Claudia Lee,Founder,davidsoncaleb@yahoo.com,C0207,2025-05-31
P0393,Valerie Crosby,CTO,nortiz@hotmail.com,C0701,2025-06-24
P0394,Jeffery Wright,COO,kathryn85@yahoo.com,C0509,2025-07-16
P0395,Trevor Franklin,CTO,stokesjohn@smith.com,C0626,2025-07-25
P0396,Linda Taylor,COO,elizabethbrown@galloway-harris.com,C0379,2025-05-13
P0397,Jodi Ramirez,CEO,robertterry@yahoo.com,C0725,2025-07-10
P0398,Brandon Vaughn,CTO,millsjeffrey@nguyen-jones.com,C0140,2025-05-12
P0399,Dawn Nielsen,COO,dennis32@sheppard-jackson.com,C0765,2025-06-07
P0400,Larry Lawrence,CEO,bchan@garcia-robles.com,C0944,2025-05-25
P0401,Tonya Foster,Founder,chavezjustin@yahoo.com,C0864,2025-05-18
P0402,Andre Rios,COO,edwardschristina@powell-webb.com,C0048,2025-06-16
P0403,Janet Braun,Founder,sclarke@howell.com,C0112,2025-06-16
P0404,Ashley Davis,Founder,andrewchristensen@garrett.com,C0582,2025-07-11
P0405,Scott Johnson,Founder,weberbrandon@hotmail.com,C0179,2025-05-26
P0406,Tina Schneider,CEO,kevin20@hotmail.com,C0511,2025-07-18
P0407,Wanda Espinoza,COO,mercadokevin@evans-dixon.com,C0630,2025-05-07
P0408,Kevin Gardner,CTO,patricia15@brock-shaw.info,C0708,2025-06-09
P0409,Robert Rivas,Founder,johnsanders@hotmail.com,C0114,2025-05-23
P0410,Elizabeth Brown,COO,jasontaylor@george.biz,C0327,2025-05-17
P0411,Joanna Thomas,CEO,lopezjacob@wilson.org,C0599,2025-05-13
P0412,Bianca Flores,Founder,louiswalker@buck-goodwin.com,C0717,2025-07-13
P0413,Edwin Williams,CTO,qcortez@hotmail.com,C0463,2025-06-21
P0414,Karen Riley,CEO,rsmith@harper-jones.biz,C0125,2025-06-07
P0415,Angela Rodriguez,CEO,nelsontimothy@yahoo.com,C0208,2025-05-20
P0416,Dawn Downs,CTO,joflores@mendez.com,C0882,2025-06-12
P0417,Joshua Mccullough,CTO,leejoe@hotmail.com,C0975,2025-07-24
P0418,Nicole Burns,CEO,logan02@white.net,C0858,2025-06-16
P0419,Sharon Kelly,CEO,diana00@washington.info,C0554,2025-05-30
P0420,William Walsh MD,CEO,ellisonrobert@mcdonald.com,C0531,2025-05-06
P0421,Priscilla Vega,CTO,ygentry@mccall-day.info,C0331,2025-07-07
P0422,Andre Miller,Founder,cruzjustin@yahoo.com,C0764,2025-06-02
P0423,Stephanie Woods,CTO,iwiggins@graham-george.com,C0900,2025-05-26
P0424,Christopher Reed,COO,morrisjessica@rojas.org,C0914,2025-06-26
P0425,Christopher Tucker,COO,barnesamy@smith-best.com,C0324,2025-04-28
P0426,Cheryl Smith,CEO,powellamanda@myers-hudson.com,C0734,2025-05-18
P0427,Alexandra Morris,CTO,zreed@hotmail.com,C0939,2025-07-26
P0428,Kara Goodwin,CEO,perezjohn@gmail.com,C0523,2025-07-08
P0429,Heather King,CEO,marquezdavid@bentley.com,C0750,2025-07-14
P0430,Shane Hayes,CEO,juliemartinez@camacho-james.com,C0219,2025-06-19
P0431,Jason Mcdonald,CEO,norma33@yahoo.com,C0730,2025-06-08
P0432,Christy Rhodes,COO,triciafoster@howard.net,C0456,2025-05-25
P0433,Michael Davis,CTO,gbeck@gmail.com,C0880,2025-05-20
P0434,Timothy Yates,CEO,colejames@hotmail.com,C0461,2025-05-08
P0435,Anthony Reyes,CEO,rbruce@jones.com,C0704,2025-07-04
P0436,Jerry West,CEO,amy06@ramirez.info,C0495,2025-06-21
P0437,Michele Simon,CTO,huntamber@copeland-hill.com,C0583,2025-07-02
P0438,Richard Cline,CEO,carrollmisty@rodriguez.net,C0583,2025-05-01
P0439,Peter Johnson,CEO,myerstanya@summers.com,C0988,2025-06-28
P0440,Angela Martinez,CEO,walshwesley@daniels-johnson.biz,C0969,2025-07-24
P0441,Dawn Miller,CTO,sbrooks@hotmail.com,C0250,2025-06-06
P0442,Robert Hall,COO,frazieramanda@anderson.biz,C0103,2025-07-23
P0443,Maxwell White,Founder,shari64@davis.com,C0504,2025-07-17
P0444,Vincent Hayes,Founder,jamesfoster@ward-hanna.biz,C0878,2025-05-09
P0445,Kayla Wilson,CEO,kmonroe@garcia.com,C0310,2025-07-03
P0446,Mark Mcintyre,Founder,brownjames@yahoo.com,C0681,2025-05-22
P0447,Zachary Odom,Founder,dylanshelton@yahoo.com,C0483,2025-06-04
P0448,Karen Curry,Founder,jonathanmoran@kelly.com,C0011,2025-05-31
P0449,Melissa Wheeler,CEO,alexmcclain@sharp-mclean.org,C0171,2025-06-27
P0450,Katherine Willis,CEO,newmanerin@flores.com,C0333,2025-05-05
P0451,Christian Wallace,CTO,patricia05@henderson.org,C0805,2025-05-28
P0452,Laura Oneill,Founder,reneecastaneda@blevins-jones.com,C0593,2025-06-26
P0453,Carla Buchanan,CEO,adkinscatherine@payne.com,C0385,2025-05-04
P0454,Darrell Garcia,COO,ireeves@gmail.com,C0404,2025-06-21
P0455,Jorge Davis,CTO,xbaker@hotmail.com,C0761,2025-07-11
P0456,Virginia Rodriguez,CEO,smithjennifer@johnson.biz,C0090,2025-07-23
P0457,Sherry Gutierrez,Founder,chelseajohnston@trevino.com,C0878,2025-05-02
P0458,Sally Smith,CTO,ethan06@martinez.org,C0750,2025-07-13
P0459,George Reynolds,CEO,barbara10@kent.com,C0970,2025-05-31
P0460,Jesus Hernandez,CEO,kristipace@garrett.biz,C0681,2025-05-18
P0461,Faith Ellis,CTO,morganlaura@gmail.com,C0282,2025-06-15
P0462,Amy Archer,CTO,vmiller@hotmail.com,C0512,2025-06-06
P0463,Susan Davis,Founder,turnerpeter@anderson-miller.biz,C0625,2025-06-18
P0464,Lori Hughes,CEO,sandy16@hotmail.com,C0031,2025-05-21
P0465,Anita Elliott,CTO,smithscott@yahoo.com,C0356,2025-06-25
P0466,David Wilson,CEO,calderonwilliam@yahoo.com,C0730,2025-06-07
P0467,Ms. Karen Golden MD,CTO,amypatterson@hotmail.com,C0940,2025-05-03
P0468,Daniel Cunningham,CTO,larrymullen@green.com,C0551,2025-07-25
P0469,Elizabeth Chase,Founder,craig63@gmail.com,C0336,2025-07-06
P0470,Erin Harding,COO,warrenlisa@holt.info,C0914,2025-06-17
P0471,Tracy Hinton,Founder,mjohnson@wilson.com,C0575,2025-05-15
P0472,Jonathan Williams,CTO,millervictor@richards.com,C0702,2025-06-14
P0473,Joshua Joyce,CEO,ocortez@nolan.com,C0615,2025-07-15
P0474,Ashley Rhodes,COO,andrewperez@bird-hurley.net,C0443,2025-06-09
P0475,Kyle Avila,COO,solisangela@gutierrez.com,C0839,2025-06-05
P0476,Danielle Carpenter,COO,deborah03@lee-young.net,C0826,2025-07-21
P0477,Gina Stevens,COO,zrios@hotmail.com,C0428,2025-05-01
P0478,Benjamin Parker,COO,christopher16@yahoo.com,C0173,2025-06-17
P0479,Margaret Stout,CTO,kevin05@miller.com,C0395,2025-05-13
P0480,Cynthia Myers,COO,vlindsey@white.com,C0976,2025-05-03
P0481,Patricia Medina,Founder,cherylbaker@hotmail.com,C0313,2025-07-16
P0482,Scott Velez,COO,karenhall@bush.biz,C0055,2025-05-19
P0483,Heather Barnett,CEO,graykayla@lewis-duffy.info,C0173,2025-06-30
P0484,William Sanders,CTO,dunnholly@snyder.com,C0758,2025-06-22
P0485,Brianna Taylor,COO,sheila03@gmail.com,C0831,2025-06-17
P0486,Robert Jimenez,COO,uwagner@hotmail.com,C0912,2025-07-14
P0487,Brianna Burke,CTO,morgan56@hotmail.com,C0368,2025-05-04
P0488,Charles Yu,COO,stanleyjames@hotmail.com,C0819,2025-05-23
P0489,Heather Kennedy,CTO,bbeasley@donaldson-espinoza.info,C0538,2025-05-05
P0490,Cynthia Carroll,COO,cunninghamjustin@hotmail.com,C0317,2025-05-11
P0491,Lisa Krause,CEO,timothycox@porter.com,C0844,2025-06-04
P0492,Michael Brooks,Founder,joe23@beck.com,C0450,2025-06-23
P0493,Joseph Jordan,CTO,brownangela@gmail.com,C0753,2025-05-30
P0494,Donald Doyle,CTO,patrickbryan@weiss.net,C0376,2025-07-13
P0495,Angel Patton,Founder,henry13@peterson.biz,C0610,2025-06-19
P0496,Erika Reed,COO,asimmons@hotmail.com,C0741,2025-07-12
P0497,Daniel Maddox,CTO,emily74@alvarez-jones.com,C0795,2025-05-25
P0498,Carl Anthony,Founder,lori15@yahoo.com,C0600,2025-06-12
P0499,Katie Allen,Founder,staffordbarbara@yahoo.com,C0624,2025-07-06
P0500,Rebecca Jimenez,CEO,richmondjon@hotmail.com,C0382,2025-07-08
P0501,Amanda Fisher,COO,rogerolson@yahoo.com,C0011,2025-06-17
P0502,Melinda Hart,COO,jeffrey99@williams-kelly.com,C0359,2025-07-04
P0503,Donna Rose,CEO,kevingraves@gmail.com,C0704,2025-07-15
P0504,Patrick Holmes,Founder,martinezwilliam@may.biz,C0705,2025-06-20
P0505,Andrew Miller,COO,lynn84@pierce-garza.com,C0024,2025-06-17
P0506,Kelsey Moyer,COO,halewendy@hotmail.com,C0415,2025-07-16
P0507,Dr. Crystal Morris,CEO,fandrews@yahoo.com,C0468,2025-07-05
P0508,Thomas Lane,Founder,elizabeth84@welch.com,C0748,2025-07-13
P0509,Taylor Lee,Founder,megan12@singh-bird.com,C0921,2025-07-03
P0510,Tammy Martinez,CTO,dana50@bowman-escobar.info,C0630,2025-06-15
P0511,Craig Hall,Founder,lisasims@harrell-thomas.com,C0812,2025-05-04
P0512,Catherine Flores,CTO,tjenkins@yahoo.com,C0250,2025-07-17
P0513,Ashley Williams,CTO,lisa90@yahoo.com,C0549,2025-05-20
P0514,Jennifer Butler,CTO,cody22@hotmail.com,C0582,2025-07-01
P0515,Mrs. Vanessa Arias,Founder,owensnathaniel@raymond.biz,C0220,2025-06-14
P0516,Justin James,Founder,janemorgan@gmail.com,C0889,2025-05-23
P0517,Anthony Kemp,COO,millerkimberly@yahoo.com,C0152,2025-07-21
P0518,Jasmine Sexton,CTO,frankbuckley@gmail.com,C0534,2025-06-16
P0519,Michelle Hamilton,COO,raventhomas@whitehead-baker.com,C0447,2025-05-07
P0520,Christopher Wallace,COO,tbailey@watkins.com,C0023,2025-07-03
P0521,Steven Frederick,COO,shawntucker@williams.org,C0117,2025-07-03
P0522,Daniel Nguyen,CEO,diazbeverly@hotmail.com,C0168,2025-07-09
P0523,Dana Simmons,Founder,fitzgeralddesiree@gmail.com,C0471,2025-06-13
P0524,Rose Davis,COO,umcneil@smith.com,C0239,2025-06-14
P0525,Tina Cunningham,Founder,vterry@hotmail.com,C0667,2025-07-15
P0526,Michael Green,Founder,nancytaylor@yahoo.com,C0367,2025-06-27
P0527,Joseph George,COO,ygray@yahoo.com,C0900,2025-06-25
P0528,Jason Howe,CTO,matthew89@gmail.com,C0007,2025-05-11
P0529,Danny Orr,COO,carolnelson@hotmail.com,C0810,2025-06-16
P0530,Timothy Phillips,COO,benjamin91@townsend.com,C0101,2025-05-03
P0531,Kathleen Thompson,Founder,wilsonlindsey@gmail.com,C0548,2025-07-24
P0532,Christopher Brock,COO,michael86@gmail.com,C0612,2025-05-19
P0533,Christy Green,COO,daniel68@gmail.com,C0013,2025-07-22
P0534,Teresa Crosby,CEO,raymondmoore@whitehead-evans.com,C0831,2025-06-16
P0535,Dillon Moore,COO,william60@hotmail.com,C0588,2025-06-06
P0536,Steven Woods,CTO,michaelpeterson@gaines-turner.org,C0071,2025-06-25
P0537,Carl Pitts,COO,anita08@heath-macdonald.com,C0068,2025-07-20
P0538,Andrew Baker,Founder,justinsmith@gmail.com,C0172,2025-06-12
P0539,Micheal King,COO,prestonbrandon@brown.com,C0563,2025-06-15
P0540,Caleb Davenport,Founder,ycoleman@barnes-barrett.com,C0274,2025-05-31
P0541,Mary Herrera,CTO,mcmahonchristopher@hartman.info,C0951,2025-07-09
P0542,Mrs. Sheena Madden,CTO,andrew38@king.info,C0010,2025-07-23
P0543,Robin Craig,CTO,dmelton@norris.com,C0563,2025-05-10
P0544,Dr. Luis Hoffman,COO,dparker@anderson.com,C0282,2025-07-18
P0545,Teresa Williams,CEO,griffinteresa@rivera.com,C0353,2025-05-18
P0546,Sheri Smith,COO,aaronmartinez@smith.com,C0372,2025-06-07
P0547,Ryan Coleman,Founder,christianunderwood@sherman-simmons.com,C0144,2025-07-26
P0548,Rachel Brown,Founder,daniellejones@yahoo.com,C0177,2025-06-23
P0549,Anthony Robles,CEO,richard17@gmail.com,C0910,2025-04-28
P0550,Christopher Jones,CTO,dianaporter@williamson.com,C0878,2025-06-11
P0551,Teresa Figueroa,CEO,clayton55@marshall.com,C0597,2025-05-19
P0552,Jill Bates,CTO,silvacarol@bauer-kirk.info,C0942,2025-06-06
P0553,Patty Harris,CTO,bchase@vaughn.info,C0582,2025-05-18
P0554,Lisa Perez,Founder,debbieevans@hotmail.com,C0442,2025-05-23
P0555,Jeffrey Nelson,Founder,johnperkins@hotmail.com,C0131,2025-07-15
P0556,Justin Allen,Founder,david59@gmail.com,C0040,2025-07-20
P0557,Carolyn George,CTO,kyledunn@hotmail.com,C0089,2025-06-19
P0558,Scott Allen,CTO,gwarren@lopez.biz,C0492,2025-05-14
P0559,Casey Holland,CTO,stephanie96@brewer.com,C0664,2025-07-20
P0560,Crystal Page,COO,amanda09@yahoo.com,C0502,2025-06-18
P0561,Shannon Little,CTO,donaldhartman@hotmail.com,C0686,2025-05-27
P0562,Nicole Perez,CTO,riveratracy@schaefer.info,C0594,2025-06-20
P0563,Dr. Elizabeth Myers,CEO,eddie32@douglas-rivera.com,C0191,2025-05-24
P0564,Edwin Ellis,COO,samanthawise@haley-nolan.com,C0797,2025-07-14
P0565,Philip Blackburn,COO,tomgreen@yahoo.com,C0309,2025-07-01
P0566,Travis Farley,Founder,ian20@mueller.com,C0234,2025-05-07
P0567,Tyler Reynolds,Founder,qwillis@hotmail.com,C0694,2025-07-25
P0568,Jorge Rodriguez,CTO,frederickmelton@gill.biz,C0958,2025-05-16
P0569,Kevin Richardson,COO,patellisa@wilson.com,C0214,2025-06-26
P0570,Sheri Pugh,Founder,lauren08@andrews.com,C0060,2025-07-25
P0571,George Butler,CEO,toddevans@hale-edwards.com,C0909,2025-07-19
P0572,Matthew Wilson,COO,willie11@yahoo.com,C0834,2025-06-25
P0573,Mary Schultz,COO,victorlong@mccarty.com,C0567,2025-07-07
P0574,Michael Rodriguez,Founder,robingarcia@yahoo.com,C0818,2025-05-17
P0575,Cassandra Alexander,COO,welchdanielle@miller.biz,C0136,2025-07-10
P0576,Paul Lewis,CEO,treed@hill.net,C0602,2025-05-05
P0577,Sarah Johnson,CEO,jose20@yahoo.com,C0281,2025-06-24
P0578,Kevin Wiggins,COO,paulvasquez@yahoo.com,C0905,2025-05-27
P0579,Mark Williams,Founder,ellischristopher@acosta.com,C0645,2025-05-22
P0580,Tracy Rice,COO,brandonbarber@yahoo.com,C0209,2025-05-08
P0581,Frank Williams,Founder,michael07@gmail.com,C0671,2025-07-17
P0582,Beverly Ferguson,COO,markwhite@hess.com,C0991,2025-07-09
P0583,Devon Cook,CEO,patrickingram@yahoo.com,C0088,2025-05-04
P0584,Stephen Perez,COO,lstevenson@james.com,C0165,2025-07-15
P0585,Daisy Garcia,CTO,dmorales@gmail.com,C0182,2025-06-08
P0586,Brandi Garza,CTO,ramirezmiranda@hotmail.com,C0045,2025-05-19
P0587,Amber Adams,CEO,sarah87@yahoo.com,C0480,2025-07-20
P0588,Timothy Hawkins,Founder,imarks@yahoo.com,C0853,2025-07-11
P0589,Victoria Roberts,COO,jason77@gmail.com,C0178,2025-07-11
P0590,Katie Clayton,Founder,danielwatkins@hotmail.com,C0854,2025-05-05
P0591,Aaron Wilkins,CEO,steven46@yahoo.com,C0221,2025-07-17
P0592,Cynthia Haynes,CTO,grayadam@torres.com,C0656,2025-05-03
P0593,Charles Mitchell,CEO,matthew35@newman.com,C0542,2025-05-02
P0594,David Davidson,Founder,haneytoni@snow.com,C0572,2025-07-11
P0595,Derrick Acosta,Founder,susanwilliamson@silva.com,C0167,2025-05-15
P0596,Jessica Mathews,CTO,katrina89@jones.biz,C0572,2025-05-28
P0597,Kristi Robinson,CEO,richard28@yahoo.com,C0838,2025-05-22
P0598,Michael Mccall,CEO,kevinskinner@harrison-patton.info,C0418,2025-07-23
P0599,Robin Smith,Founder,angelalane@nelson.com,C0364,2025-05-21
P0600,Brandon Sexton,Founder,jacqueline90@hotmail.com,C0442,2025-05-04
P0601,Donald Simmons,CEO,martinlopez@bruce.com,C0144,2025-05-02
P0602,Tara Carr,CTO,cwashington@thompson.info,C0058,2025-06-30
P0603,Mr. David Ortiz,Founder,houstoncolleen@hernandez-nunez.com,C0468,2025-05-09
P0604,Francisco Carter,CTO,johnsonrichard@hotmail.com,C0011,2025-05-18
P0605,Timothy Guzman,CTO,rturner@gmail.com,C0815,2025-06-23
P0606,Tina Taylor,CEO,theresa31@warren.com,C0439,2025-05-31
P0607,Cassidy Mooney,Founder,terrygina@gmail.com,C0242,2025-05-05
P0608,Stephanie Ballard,COO,youngkristin@yahoo.com,C0693,2025-05-16
P0609,George Kemp,CEO,mjackson@cook.biz,C0016,2025-06-08
P0610,Jody May,Founder,williambrewer@landry.com,C0995,2025-06-23
P0611,Robert Shaffer,COO,kenneth36@gmail.com,C0718,2025-06-18
P0612,Deborah Perkins,COO,dsilva@hotmail.com,C0550,2025-07-10
P0613,Stacy James,Founder,justinmorales@yates-le.com,C0762,2025-07-16
P0614,Cindy Terry,CEO,krhodes@gmail.com,C0939,2025-05-10
P0615,Renee Sanders DDS,CEO,rnorris@gmail.com,C0630,2025-06-28
P0616,Sarah Price,CEO,rodriguezjacob@richard.com,C0158,2025-05-08
P0617,Bryan Mosley,CTO,paul43@cantrell.info,C0301,2025-05-05
P0618,Charles Wu MD,Founder,jamie73@yahoo.com,C0731,2025-05-18
P0619,Brianna Walters,CTO,johnsonmadeline@gmail.com,C0618,2025-05-22
P0620,Robert Stevens,CEO,gregory03@gmail.com,C0212,2025-07-02
P0621,Mercedes Rosales,CTO,johnsonashley@lawson.info,C0584,2025-05-06
P0622,Kevin Blackburn,CTO,donnaking@gmail.com,C0668,2025-07-17
P0623,Brian Taylor,Founder,browe@hotmail.com,C0124,2025-06-28
P0624,William Garcia,CEO,paigehowe@yahoo.com,C0068,2025-05-15
P0625,Vickie Lee,CTO,gordonvictoria@yahoo.com,C0121,2025-04-30
P0626,Erin Mcdonald,CEO,tamara65@mccall.com,C0640,2025-05-29
P0627,Brian Dawson,Founder,michael48@hotmail.com,C0511,2025-05-22
P0628,Matthew Garcia,CTO,dcunningham@gmail.com,C0093,2025-05-14
P0629,Courtney Hess,CTO,kochcatherine@horton.com,C0126,2025-07-24
P0630,Amber Wolfe,CEO,williamssharon@williams-woods.com,C0974,2025-06-27
P0631,David Garcia,CEO,sarah34@burns.com,C0673,2025-06-20
P0632,Jennifer Rhodes,Founder,kimlamb@yahoo.com,C0481,2025-07-17
P0633,Diana Quinn,CEO,jordan98@johnson.biz,C0392,2025-05-25
P0634,Margaret Simmons,Founder,gordonchristopher@hotmail.com,C0918,2025-05-29
P0635,Justin Andrews,CTO,donald02@compton.com,C0681,2025-07-13
P0636,Mark Dunn,Founder,qherrera@maynard.com,C0777,2025-07-08
P0637,Sarah Henderson,COO,longkathleen@gmail.com,C0263,2025-05-07
P0638,Danielle Marquez,COO,wmcfarland@yahoo.com,C0920,2025-05-23
P0639,Christopher Ruiz,CEO,linda19@johnson.com,C0332,2025-07-17
P0640,Bryan Young,CEO,kelly67@gmail.com,C0181,2025-06-13
P0641,Kenneth Simmons,COO,livingstonjacqueline@pierce.com,C0972,2025-05-14
P0642,Wendy Andrade,Founder,whiteevan@hotmail.com,C0473,2025-07-13
P0643,Steven Jordan,Founder,mburns@cooley.com,C0425,2025-05-19
P0644,Carolyn Martin DDS,CEO,melissa36@hotmail.com,C0788,2025-06-02
P0645,Roberta Dawson,COO,fishernicole@thomas-robinson.com,C0015,2025-05-13
P0646,Robert Norris,COO,angel61@gmail.com,C0562,2025-06-19
P0647,Madeline Russo,Founder,jesus20@gmail.com,C0124,2025-05-18
P0648,Brenda Kennedy,CEO,afields@hayes.com,C0757,2025-06-13
P0649,Angela Rangel,CEO,mayoedward@gmail.com,C0610,2025-05-27
P0650,Jonathon Young,COO,alishawilliamson@morris.com,C0529,2025-06-22
P0651,Shelby Wiggins,COO,bankselizabeth@payne.com,C0041,2025-05-13
P0652,Rebecca Romero,COO,jennifer66@yahoo.com,C0897,2025-04-29
P0653,James Spencer,COO,janetstephens@gmail.com,C0356,2025-07-16
P0654,John Sanchez,Founder,eyoung@yahoo.com,C0666,2025-05-07
P0655,Michelle Shah,CTO,traciaustin@hotmail.com,C0970,2025-05-06
P0656,Johnny Allen,CTO,heather32@gmail.com,C0354,2025-05-03
P0657,Mary Oconnor,Founder,bbenson@miller.org,C0094,2025-07-02
P0658,Mariah Perez,Founder,jonesmichael@hotmail.com,C0270,2025-05-28
P0659,Veronica Rodriguez,COO,yolandarichardson@gmail.com,C0662,2025-05-26
P0660,Christopher Roy,Founder,adamlowery@gonzales.com,C0970,2025-05-03
P0661,Kelli Weber,CEO,xhudson@white.com,C0942,2025-07-05
P0662,Phillip Simmons,COO,robertbuck@owens.biz,C0134,2025-07-09
P0663,Mia Castillo,CEO,stonenicholas@gmail.com,C0358,2025-05-14
P0664,Douglas Waters,Founder,jennifer05@scott.com,C0959,2025-05-24
P0665,Paul Blake,CEO,mariayates@yahoo.com,C0641,2025-06-05
P0666,Cody Bradley,CEO,todd20@gmail.com,C0236,2025-06-08
P0667,Mercedes Ford,COO,ruth55@hotmail.com,C0679,2025-07-02
P0668,James Douglas,CEO,tina63@hernandez-williams.org,C0336,2025-06-06
P0669,Richard Bautista,CTO,kristine50@calhoun-mueller.com,C0317,2025-06-18
P0670,Michael Woods,Founder,zmorales@jordan-anderson.info,C0392,2025-04-30
P0671,Alicia Mills,CEO,zarnold@scott.info,C0767,2025-05-13
P0672,Austin Davis,CTO,mooretyrone@hotmail.com,C0831,2025-07-10
P0673,Rachel Patrick,CEO,jessicaschroeder@gmail.com,C0392,2025-05-18
P0674,Shannon Duncan,CTO,greenmario@hotmail.com,C0042,2025-05-04
P0675,Deborah Walton,CTO,sarahhorton@davis.com,C0974,2025-06-01
P0676,Marcus Walton,Founder,whernandez@hotmail.com,C0505,2025-05-27
P0677,Rebecca Lynn,COO,julia38@gmail.com,C0069,2025-05-22
P0678,Jacqueline Mcmillan,COO,michellelopez@gmail.com,C0303,2025-05-22
P0679,Luis Thompson,Founder,jeffreygraham@yahoo.com,C0975,2025-05-27
P0680,Elizabeth Duncan,CEO,fspears@yahoo.com,C0236,2025-07-21
P0681,Kristina Wright,CTO,sloanshirley@hotmail.com,C0108,2025-06-06
P0682,Matthew Hutchinson,COO,aliciasmith@yahoo.com,C0095,2025-05-22
P0683,Paul Mendez,Founder,lisa61@ritter-boyd.com,C0809,2025-06-12
P0684,Susan Wilson,COO,vrodriguez@yahoo.com,C0187,2025-06-26
P0685,Gail Brown,Founder,kellyrichard@yahoo.com,C0989,2025-07-24
P0686,Elizabeth Walter,CEO,wayne63@gmail.com,C0732,2025-07-19
P0687,Tracy Ramirez,COO,iswanson@hotmail.com,C0156,2025-07-17
P0688,Steve Allen,CEO,molly61@hartman.com,C0396,2025-07-20
P0689,Jessica Burns,Founder,matthewturner@rhodes.com,C0612,2025-05-24
P0690,Wyatt Evans,Founder,kristinmartinez@hotmail.com,C0571,2025-05-23
P0691,Courtney Hayes,CEO,reginald84@smith-schmidt.net,C0769,2025-05-31
P0692,Mr. Patrick Zimmerman,CTO,roberto07@walton-johnson.com,C0895,2025-05-12
P0693,Kathryn Shelton,CTO,greeves@hotmail.com,C0206,2025-06-22
P0694,David Jenkins,CEO,pwarren@hanna.com,C0347,2025-05-19
P0695,Kayla Robertson,COO,thompsonheather@gmail.com,C0643,2025-07-11
P0696,James Taylor,COO,hansonpaige@hotmail.com,C0073,2025-06-19
P0697,Ryan Bolton,COO,jallen@gmail.com,C0359,2025-07-26
P0698,Angel Rogers,CEO,mayaaron@hotmail.com,C0539,2025-05-02
P0699,Megan Brown,Founder,aprilyoung@yahoo.com,C0178,2025-07-09
P0700,Christopher Joseph,CTO,michael87@hotmail.com,C0569,2025-05-08
P0701,Cassidy Johnson,CEO,tperry@fritz.com,C0768,2025-05-29
P0702,Jeffrey Knox,CEO,brownsarah@gmail.com,C0307,2025-06-06
P0703,William Howard,CEO,taylorjudith@hotmail.com,C0785,2025-06-20
P0704,Sharon Miller,CEO,bethanyscott@yahoo.com,C0913,2025-05-24
P0705,Carol Morgan,CEO,stephanie66@yahoo.com,C0082,2025-05-12
P0706,Kenneth Robinson,COO,rachel66@gmail.com,C0595,2025-06-26
P0707,Jonathan Silva,COO,josephangel@gmail.com,C0126,2025-05-29
P0708,Chad Martinez,COO,nancy72@yahoo.com,C0364,2025-06-24
P0709,Karen Waters,CTO,michelleharrison@stephens-lane.com,C0652,2025-06-08
P0710,Corey Smith,Founder,richardgeorge@gmail.com,C0741,2025-06-08
P0711,Jacob Gutierrez,CEO,nicholas41@thompson.com,C0355,2025-05-18
P0712,Katie Hunt,Founder,hamiltonkimberly@lee.com,C0959,2025-07-14
P0713,Carlos Mckinney,CTO,kelseywilkins@hotmail.com,C0755,2025-07-13
P0714,Ann Rasmussen,COO,sean13@yahoo.com,C0280,2025-06-10
P0715,Jamie Whitehead,Founder,ryansullivan@gibson.com,C0996,2025-06-12
P0716,Nathan Haley,COO,steven67@mueller.info,C0337,2025-05-08
P0717,Mark Warren,CEO,stephanie12@garcia.biz,C0360,2025-05-24
P0718,Vincent Cross,COO,wpatterson@burch-kim.com,C0122,2025-05-05
P0719,John Knox,CTO,leahharding@anderson.com,C0448,2025-05-10
P0720,Steven Schneider,CTO,kyleflores@yahoo.com,C0934,2025-06-25
P0721,Frank Daugherty,CTO,brookschristina@brown.com,C0615,2025-05-09
P0722,Patrick Thomas,COO,hebertjimmy@hotmail.com,C0311,2025-05-27
P0723,Gregg Swanson,CTO,omeza@chang.net,C0116,2025-07-06
P0724,Valerie Graham,CTO,ryansweeney@hotmail.com,C0808,2025-05-31
P0725,Nicole Carter DDS,CEO,simonphilip@robertson.com,C0856,2025-05-08
P0726,George Walsh,COO,tiffanyparker@hotmail.com,C0660,2025-05-07
P0727,Dennis Travis,Founder,bentontracey@hotmail.com,C0106,2025-06-09
P0728,Christine Hartman,CEO,montgomeryricky@butler-lewis.info,C0353,2025-07-15
P0729,Ralph Smith,CEO,robert94@hughes.info,C0728,2025-05-08
P0730,Lori Rice,CEO,marklewis@arnold-gonzalez.biz,C0646,2025-05-20
P0731,Cassandra Vaughn,CTO,alexandra63@roberts.com,C0379,2025-06-16
P0732,Jessica Walker,Founder,harriskristen@gilbert-thompson.org,C0995,2025-05-29
P0733,Wendy Fisher,CTO,breanna50@mccann.com,C0139,2025-05-31
P0734,April Walker,COO,mccarthyjennifer@lang.com,C0143,2025-05-06
P0735,Nicole Nguyen,CTO,skelley@yahoo.com,C0695,2025-05-31
P0736,Melissa Thomas,CTO,chavezjames@hotmail.com,C0120,2025-07-20
P0737,Donna Palmer,COO,dickersonkenneth@hotmail.com,C0069,2025-07-16
P0738,Matthew Walters,CEO,april78@gmail.com,C0986,2025-06-22
P0739,Katherine Contreras,COO,brendaelliott@sutton-watson.com,C0627,2025-07-03
P0740,Barbara Benitez MD,CEO,aaronparker@wallace.biz,C0587,2025-05-06
P0741,Melanie Weaver,Founder,tammy41@yahoo.com,C0492,2025-06-23
P0742,Christopher Johnson,COO,elliottmichelle@gmail.com,C0422,2025-07-05
P0743,Rebecca May,CTO,robertsfelicia@yahoo.com,C0097,2025-06-11
P0744,Katherine Sloan,CEO,mcdanielian@rogers-li.info,C0774,2025-07-20
P0745,Jason Tucker,CTO,rwright@ramirez.com,C0361,2025-06-07
P0746,Helen Spencer,Founder,larry70@hamilton.com,C0171,2025-07-23
P0747,Joshua Washington,CTO,ralph72@murray-hampton.net,C0329,2025-05-04
P0748,Shawn Frazier,CTO,victoria69@woods-tapia.com,C1000,2025-05-15
P0749,Michael Schmidt,Founder,austin53@rivera.com,C0533,2025-06-30
P0750,Kenneth Lambert,CEO,brownrobert@yahoo.com,C0022,2025-07-14
P0751,Kenneth Watson,Founder,rosenicole@yahoo.com,C0216,2025-07-17
P0752,Sarah Raymond,Founder,lisathompson@barr-pham.info,C0700,2025-06-20
P0753,Joshua Rodriguez,CEO,melissa59@yahoo.com,C0634,2025-05-30
P0754,Lynn Watson,Founder,graynancy@gmail.com,C0179,2025-07-11
P0755,Karen Cruz,Founder,ggraves@gmail.com,C0327,2025-07-17
P0756,Jordan Mcdonald MD,COO,lknapp@walter.com,C0641,2025-07-13
P0757,Mallory Ward,Founder,annemiller@kelly-turner.info,C0696,2025-07-17
P0758,Paul Dixon,COO,dana30@stevenson.info,C0372,2025-05-05
P0759,Martin Martinez,CEO,xharris@yahoo.com,C0909,2025-06-11
P0760,Nicholas Lopez,CTO,bakerallen@clark-miranda.com,C0209,2025-07-19
P0761,Miguel Garrison,CEO,wolfestacey@hotmail.com,C0113,2025-07-07
P0762,Cynthia Johnson,CEO,imaddox@yahoo.com,C0330,2025-07-18
P0763,Denise Hernandez,CTO,sampsongeorge@gmail.com,C0428,2025-05-22
P0764,Phillip Nelson,Founder,xrobinson@yahoo.com,C0111,2025-06-13
P0765,Hailey Adams,COO,gregory62@yahoo.com,C0993,2025-07-24
P0766,Gina Thomas,CTO,dale35@lam-olson.net,C0740,2025-05-14
P0767,Anna Delgado,Founder,scottkerr@king-christensen.net,C0011,2025-06-02
P0768,Arthur Warner,CEO,robert57@rich.com,C0617,2025-05-19
P0769,Michelle Freeman,Founder,justinmorrow@gmail.com,C0248,2025-05-24
P0770,Desiree Gonzalez MD,CEO,kwalker@gmail.com,C0006,2025-07-10
P0771,John Cole,COO,hschmidt@gmail.com,C0634,2025-06-10
P0772,Kevin Taylor,Founder,eileenbrandt@davis.com,C0105,2025-07-23
P0773,Cindy Garcia,Founder,mperry@watkins-figueroa.net,C0386,2025-06-18
P0774,Howard Norris,Founder,bjennings@hall.biz,C0111,2025-05-01
P0775,Cheryl Levine,CEO,patrickball@johnson-keller.com,C0863,2025-05-12
P0776,Natasha Morse,CEO,tbell@gmail.com,C0640,2025-05-17
P0777,William Davis,CTO,crystal76@lewis.com,C0995,2025-04-29
P0778,Mary Jenkins MD,CEO,vnewman@hotmail.com,C0275,2025-06-07
P0779,Michelle Fowler,CTO,margaret12@hotmail.com,C0555,2025-07-18
P0780,John Mendoza,CTO,deborahyates@hotmail.com,C0881,2025-05-19
P0781,Lori Harding,Founder,nancy73@hotmail.com,C0312,2025-07-26
P0782,Mary Tucker,CEO,zking@davis.org,C0242,2025-07-07
P0783,David Craig,Founder,nicholastaylor@smith-jensen.biz,C0684,2025-06-06
P0784,Mary Johnson,CTO,gregory76@fuller.net,C0159,2025-06-07
P0785,Jason Rodriguez,CEO,smartin@gmail.com,C0420,2025-05-15
P0786,David Sandoval,CEO,victoriajacobs@potter.biz,C0541,2025-05-07
P0787,Kathy Clark,COO,jgonzales@gmail.com,C0920,2025-05-14
P0788,Andrew Cummings,CTO,tina37@hamilton-jones.com,C0295,2025-05-06
P0789,Jonathan Santana,Founder,shawnchavez@adams.net,C0843,2025-06-12
P0790,Derek Miller,CTO,washingtondarlene@flores.com,C0848,2025-05-20
P0791,Christopher Hubbard,CEO,crodriguez@yahoo.com,C0486,2025-05-14
P0792,Erin Lee,COO,brianbrown@yahoo.com,C0706,2025-05-29
P0793,Gregory Greene,Founder,foxtimothy@hotmail.com,C0350,2025-04-29
P0794,Samantha Duke,CEO,isilva@sutton-massey.net,C0389,2025-07-15
P0795,James Franco,COO,trevinomatthew@pearson-martinez.info,C0373,2025-07-24
P0796,Robert Torres,CEO,xstokes@moran.org,C0033,2025-06-10
P0797,Jason Williams,COO,shawnanderson@parker.com,C0378,2025-07-01
P0798,Lisa Allen,CTO,cgallagher@yahoo.com,C0351,2025-07-10
P0799,Mark Rodgers,Founder,iwhitney@yahoo.com,C0531,2025-06-17
P0800,Lisa Johnson,Founder,riveramadeline@gmail.com,C0999,2025-06-08
P0801,Tamara Sandoval,Founder,vincentlawrence@dean.info,C0119,2025-07-11
P0802,Katherine Hines,COO,davischristopher@gmail.com,C0987,2025-06-21
P0803,Bonnie Owens,CTO,fmitchell@hotmail.com,C0455,2025-05-03
P0804,Katie Torres,CEO,phillipgaines@jacobs.com,C0372,2025-06-11
P0805,Juan Potter,Founder,billygonzalez@ortiz-diaz.org,C0603,2025-06-13
P0806,Steven Franklin,COO,kellybernard@ellis-payne.org,C0533,2025-05-04
P0807,Samantha Calderon,CEO,jacobschmitt@hotmail.com,C0057,2025-05-04
P0808,Michael Noble,CEO,loganwilliams@gomez-hooper.com,C0339,2025-06-12
P0809,Patrick Howard,CTO,kelly23@figueroa.com,C0565,2025-05-02
P0810,Sheila Wilson,Founder,patrickdaniel@blevins.com,C0738,2025-06-04
P0811,Brian Beasley,COO,wsolis@hotmail.com,C0106,2025-05-21
P0812,Virginia Riddle,CEO,williamsjulie@thomas-maxwell.info,C0520,2025-06-04
P0813,Richard Bryant,Founder,cynthialawson@gmail.com,C0370,2025-06-12
P0814,Christopher Patrick,Founder,elizabeth87@hotmail.com,C0346,2025-05-16
P0815,Christopher Thomas,CTO,matamonique@hotmail.com,C0868,2025-06-10
P0816,Ronald Coleman,CEO,katelynpierce@greene.com,C0006,2025-06-08
P0817,Kevin Perez,Founder,pking@warren.com,C0123,2025-05-16
P0818,Robert Hayes,CTO,isaac98@williams.com,C0068,2025-05-04
P0819,Joshua Ramirez,CTO,john57@perez.org,C0820,2025-07-08
P0820,Glen Wilson,Founder,stonejeff@becker.net,C0895,2025-07-18
P0821,Nancy Hall,CEO,coxshannon@yahoo.com,C0949,2025-05-11
P0822,Dr. Mitchell Ryan,CTO,samantha78@yahoo.com,C0574,2025-07-15
P0823,Jonathan Gibson,Founder,george31@allen.com,C0471,2025-05-06
P0824,Daniel Foster,CEO,gabrielperry@gmail.com,C0422,2025-05-15
P0825,Jordan Orr,COO,timothyparks@gmail.com,C0063,2025-05-08
P0826,Emily Elliott,COO,nthornton@richardson.org,C0551,2025-05-19
P0827,James Stokes,CTO,thomas73@robinson-hoffman.com,C0455,2025-07-19
P0828,Brenda Larsen,Founder,rhondamartin@eaton.org,C0779,2025-05-12
P0829,Holly Harper,CTO,philip50@yahoo.com,C0496,2025-06-19
P0830,Alejandro Butler,COO,lisamartinez@cox.org,C0185,2025-06-17
P0831,Angela Sutton,Founder,austinzuniga@bishop.com,C0397,2025-07-08
P0832,Robert Davenport,CTO,rdiaz@gmail.com,C0098,2025-05-06
P0833,Elijah Archer,COO,mcarey@anthony-ellis.info,C0899,2025-07-13
P0834,Alison Adams,CTO,rodneyfranco@smith-banks.com,C0243,2025-07-10
P0835,William Jackson,COO,guzmanbeth@yahoo.com,C0628,2025-06-09
P0836,Candace Vega,CEO,zgrant@yahoo.com,C0814,2025-06-09
P0837,Allen Small,COO,angelathompson@suarez.com,C0555,2025-05-28
P0838,Krystal Flores,CEO,morenoanthony@cox.com,C0137,2025-05-21
P0839,Wendy Merritt,Founder,howarddiane@yahoo.com,C0170,2025-06-13
P0840,Craig Rogers,Founder,jamesjesse@perez.com,C0949,2025-06-22
P0841,Karen Castillo,CEO,dennis29@vasquez.com,C0634,2025-07-13
P0842,Nicole Morgan,CEO,dean17@yahoo.com,C0760,2025-06-21
P0843,William Schmidt,CEO,loriboyer@gmail.com,C0949,2025-06-19
P0844,Steven Holt,Founder,mckinneythomas@gmail.com,C0817,2025-05-30
P0845,Laura Williams,CEO,nathan33@yahoo.com,C0140,2025-04-29
P0846,Christopher Barrett,CEO,xrobbins@yahoo.com,C0700,2025-05-26
P0847,David Wilson,Founder,darrelllarson@flores.com,C0927,2025-04-30
P0848,Nicole Miles,COO,garrettrodriguez@andrews.com,C0586,2025-07-11
P0849,Jerry Mcguire,CTO,wjohnson@pena.com,C0425,2025-04-30
P0850,Caitlin Rogers,COO,perezchris@gmail.com,C0815,2025-07-08
P0851,Christopher Larsen,CEO,alexis06@yahoo.com,C0784,2025-06-03
P0852,Matthew Thompson,Founder,clarklindsey@hotmail.com,C0311,2025-07-06
P0853,Kathryn Garcia,COO,deborahfreeman@yahoo.com,C0007,2025-06-18
P0854,Joshua Wilson,CTO,kellychristopher@yahoo.com,C0492,2025-05-16
P0855,Jesse Harrington,Founder,jbaker@williams.com,C0122,2025-06-28
P0856,Robert Lara,CTO,william06@gmail.com,C0721,2025-05-23
P0857,David Huff,COO,hollypierce@gmail.com,C0551,2025-05-31
P0858,John Ryan,CTO,rmcdowell@yahoo.com,C0098,2025-06-27
P0859,Melanie Fisher,Founder,ibell@hotmail.com,C0324,2025-06-20
P0860,Samantha Gray,COO,williamcox@yahoo.com,C0039,2025-05-30
P0861,Angela Roach,COO,doughertyandrew@gmail.com,C0447,2025-05-21
P0862,Sandy Phillips,Founder,chanjames@hotmail.com,C0032,2025-07-01
P0863,Tony Leon,CTO,watsonfrancisco@williams.com,C0993,2025-05-15
P0864,Laura Santana,CEO,johnny90@yahoo.com,C0741,2025-05-22
P0865,Christopher Bernard II,CTO,qlee@hotmail.com,C0976,2025-06-28
P0866,Michael Bennett,CTO,katherinethomas@hotmail.com,C0599,2025-06-15
P0867,Joseph Washington,CTO,chall@yahoo.com,C0035,2025-05-01
P0868,Lisa Gray,CEO,kferrell@colon-harper.info,C0103,2025-07-08
P0869,Jonathan Mueller,Founder,owensdennis@hotmail.com,C0047,2025-05-22
P0870,Tiffany Whitney,CTO,evelyn55@jones-peterson.org,C0348,2025-06-15
P0871,Rachel Hernandez,CEO,bcastaneda@yahoo.com,C0626,2025-05-08
P0872,Cameron Yang,CTO,cortezmatthew@hotmail.com,C0537,2025-07-23
P0873,Stacey Phillips,COO,bhernandez@yahoo.com,C0277,2025-05-29
P0874,Leslie Davis,CTO,harrissara@green-perez.com,C0437,2025-06-26
P0875,Casey Cordova,CTO,angela79@tanner-best.biz,C0359,2025-06-24
P0876,Michelle Campos,CEO,palmervanessa@wilkinson-rojas.org,C0105,2025-05-17
P0877,Hannah Nguyen,CTO,kyliehines@gmail.com,C0308,2025-05-29
P0878,Mark Jones,CTO,cynthiasanchez@gmail.com,C0209,2025-05-21
P0879,Thomas Jackson,CEO,jeremyhawkins@hotmail.com,C0009,2025-05-26
P0880,Sherry Turner,CEO,lisamcintyre@gmail.com,C0175,2025-06-28
P0881,Victoria Guerra,CTO,chadsharp@yahoo.com,C0871,2025-07-14
P0882,Patricia Farrell,CEO,tateholly@yahoo.com,C0149,2025-06-14
P0883,Shawn Fleming,Founder,jaredmiller@gmail.com,C0765,2025-07-04
P0884,Larry Wallace,COO,joel48@yahoo.com,C0778,2025-06-16
P0885,Amy Rich,CTO,alexandercontreras@lambert.com,C0270,2025-05-26
P0886,Christine Williams,CEO,sroy@hotmail.com,C0488,2025-07-15
P0887,Karen Steele,CTO,tswanson@burns-taylor.com,C0876,2025-06-04
P0888,Terry Nichols,Founder,jocelynjordan@yahoo.com,C0491,2025-05-01
P0889,Kristina Johnson,CEO,ucaldwell@yahoo.com,C0955,2025-05-04
P0890,Patrick Hall,COO,brownrhonda@johnson.org,C0349,2025-06-28
P0891,Jimmy Vasquez,Founder,zmcpherson@hotmail.com,C0685,2025-06-21
P0892,Patricia Johnson,Founder,chad26@gmail.com,C0989,2025-06-08
P0893,Eric Ellis,Founder,gmunoz@jones.biz,C0570,2025-06-09
P0894,Cassandra Smith,Founder,julia44@hotmail.com,C0431,2025-05-25
P0895,Melissa Valdez,Founder,wheelerkatelyn@smith.com,C0246,2025-07-13
P0896,Whitney Thompson,CEO,rwright@simpson-nolan.com,C0220,2025-07-10
P0897,Nicholas Rowland,COO,christine82@yahoo.com,C0473,2025-07-24
P0898,Thomas Moreno,CTO,phillipschristopher@herman.com,C0425,2025-07-24
P0899,Ryan Hill,Founder,gcarter@hill.biz,C0178,2025-06-01
P0900,Beth Green,Founder,xmartinez@hotmail.com,C0811,2025-05-18
P0901,Sean Lyons,CTO,chad83@hotmail.com,C0537,2025-05-28
P0902,Lynn Hutchinson,CEO,reginalawrence@silva.org,C0910,2025-05-11
P0903,Jeffrey Bishop,CEO,ostark@yahoo.com,C0536,2025-07-13
P0904,Brendan Patel,Founder,roger30@gmail.com,C0392,2025-06-09
P0905,Justin Cunningham Jr.,CEO,sthompson@gmail.com,C0661,2025-06-12
P0906,David Guzman,Founder,cynthia10@armstrong.net,C0781,2025-06-26
P0907,Alexis Carroll DDS,COO,bjones@yahoo.com,C0049,2025-06-25
P0908,Lisa Lewis,CEO,ericwilson@gmail.com,C0089,2025-07-10
P0909,Heather Gibson,Founder,wwood@gmail.com,C0187,2025-05-21
P0910,Julie Johnson,COO,simsnancy@gmail.com,C0658,2025-05-08
P0911,Michael Cooper,COO,aaronleon@yahoo.com,C0581,2025-06-08
P0912,William Myers,CEO,tammykerr@stone.com,C0923,2025-05-07
P0913,Elizabeth Murray,Founder,sdavis@jenkins.com,C0610,2025-07-02
P0914,Donald Hodges,COO,yhart@patton.org,C0063,2025-05-11
P0915,Lindsay Armstrong,COO,johnsonscott@robinson-good.com,C0047,2025-06-21
P0916,Melody Rodriguez,CEO,torreschristie@hotmail.com,C0925,2025-07-23
P0917,Richard Bailey,CEO,yspencer@gmail.com,C0756,2025-05-05
P0918,Emma Newman,CEO,deborahburgess@gmail.com,C0271,2025-07-26
P0919,Daniel Livingston,COO,achandler@williams.org,C0050,2025-06-24
P0920,Emily Velez,CEO,vicki88@yahoo.com,C0165,2025-07-16
P0921,Kelly Brown,COO,irose@diaz.com,C0037,2025-05-25
P0922,Jeffrey Mueller,CTO,nglenn@clark.org,C0174,2025-07-17
P0923,Sabrina Guzman,CEO,hollyreynolds@hernandez-ward.biz,C0184,2025-05-20
P0924,Ryan Cardenas,CEO,edwardsnicole@guzman.com,C0476,2025-07-16
P0925,Wayne Johnston,Founder,katherine33@ashley.biz,C0902,2025-05-01
P0926,Tina Watkins,COO,cmelendez@dickerson.info,C0675,2025-05-24
P0927,Michele Fritz,CTO,robin42@duncan.com,C0034,2025-05-18
P0928,Jason Love,Founder,ehahn@wilson-guzman.com,C0554,2025-05-13
P0929,Lisa White,Founder,zlevine@gmail.com,C0002,2025-07-12
P0930,Christine Decker,CEO,brockwilliam@gmail.com,C0797,2025-05-07
P0931,Donna Thompson,Founder,ksoto@hotmail.com,C0649,2025-06-16
P0932,Anna Lowery,CTO,charlesmcdowell@gmail.com,C0927,2025-05-21
P0933,Ashley Smith,CTO,trivera@gmail.com,C0674,2025-04-29
P0934,Amanda Kelly,Founder,davidrobertson@hall-conner.com,C0844,2025-05-11
P0935,Tracy Gonzales,Founder,vasquezmichael@perez.com,C0436,2025-06-06
P0936,David Henry,COO,tdalton@hotmail.com,C0915,2025-05-28
P0937,Natalie Smith,COO,robertcastro@gmail.com,C0388,2025-06-09
P0938,Randy Charles,CTO,angela25@yahoo.com,C0986,2025-06-05
P0939,Terry Silva,CTO,davisjonathan@yahoo.com,C0062,2025-07-19
P0940,Richard Gonzalez,CEO,shellymendoza@yahoo.com,C0323,2025-07-09
P0941,Rodney Welch,CEO,angela30@brown.com,C0211,2025-05-24
P0942,Briana Ross,CEO,timwall@bell.com,C0084,2025-07-14
P0943,Jessica Rangel,COO,butlerzoe@hotmail.com,C0533,2025-06-22
P0944,Paul Beck,CTO,taraknight@yahoo.com,C0894,2025-07-08
P0945,Brian Price,Founder,abigail73@may.biz,C0426,2025-07-22
P0946,Sarah Montgomery,Founder,davidking@byrd-cole.biz,C0272,2025-07-22
P0947,Susan Chandler,CEO,caitlin51@gmail.com,C0134,2025-05-20
P0948,John Tyler,COO,klineanthony@hotmail.com,C0207,2025-07-19
P0949,Casey Rojas,Founder,rossbrian@yahoo.com,C0956,2025-06-09
P0950,Susan Kelly,CEO,morenochristine@yahoo.com,C0887,2025-05-14
P0951,Nancy Moore,Founder,pstephenson@johnson-griffin.com,C0852,2025-07-20
P0952,Lori Sandoval,CTO,walshjoshua@norman.com,C0843,2025-05-02
P0953,Lauren Brown,CTO,smorgan@yahoo.com,C0143,2025-07-01
P0954,David Kelley,Founder,michael11@yahoo.com,C0186,2025-07-14
P0955,Megan Peterson,Founder,frederickmatthew@hotmail.com,C0929,2025-06-27
P0956,Victoria Garcia,CTO,erica48@gmail.com,C0204,2025-07-18
P0957,Amy Wilcox,Founder,mccoyjustin@reed-garcia.com,C0593,2025-06-07
P0958,Tonya Edwards,CTO,sextonveronica@carlson.com,C0108,2025-05-17
P0959,Samuel Hawkins,Founder,vgallegos@mayer-richardson.com,C0125,2025-05-04
P0960,Cynthia Murray,CEO,eric24@yahoo.com,C0044,2025-05-07
P0961,Joseph King,CEO,michaelcastaneda@yahoo.com,C0974,2025-05-14
P0962,Scott Hall,CEO,turnerstacy@cole.biz,C0936,2025-06-27
P0963,Angela Garner,CTO,cynthiapalmer@herrera-williams.com,C0757,2025-07-20
P0964,Amber Turner,COO,michaelmoyer@hotmail.com,C0844,2025-06-30
P0965,Gary Coffey,CEO,dduke@price-mosley.info,C0589,2025-05-21
P0966,Emily Morton,COO,jessica03@gmail.com,C0283,2025-05-08
P0967,Cody Aguilar,Founder,kellywilson@yahoo.com,C0783,2025-07-12
P0968,Ricky Rivera,CTO,manuelrodriguez@yahoo.com,C0874,2025-07-17
P0969,David Torres,Founder,tmaynard@gmail.com,C0703,2025-05-22
P0970,Noah Watts,CTO,sarah71@yahoo.com,C0643,2025-05-25
P0971,Michael Robinson,Founder,jessicagreer@hotmail.com,C0328,2025-07-23
P0972,Phillip Silva,CEO,jasmine28@wright.com,C0213,2025-07-14
P0973,Robert Gibbs,CEO,jamesberry@hotmail.com,C0834,2025-06-07
P0974,John Ramirez,CTO,adammoss@gmail.com,C0235,2025-07-16
P0975,Brenda Jones,CEO,merrittamanda@walls.net,C0468,2025-07-09
P0976,Robert Leon,CEO,vjohnson@hotmail.com,C0807,2025-07-25
P0977,Amanda Brooks,Founder,richard57@robbins.biz,C0406,2025-06-19
P0978,Alicia Henson,CTO,davidowens@rodgers-jackson.com,C0160,2025-05-28
P0979,Robert Edwards,CTO,novakjohn@gmail.com,C0674,2025-06-26
P0980,Kim Ramirez DDS,Founder,gutierrezhannah@smith.net,C0082,2025-05-26
P0981,Kendra White,Founder,hsanders@williams-fisher.net,C0257,2025-05-27
P0982,Mike Vasquez,CTO,potterangela@gmail.com,C0934,2025-05-02
P0983,Bobby Lopez,CTO,madeline17@nelson.com,C0469,2025-07-26
P0984,Heather Hartman,CTO,christymartinez@hotmail.com,C0373,2025-05-31
P0985,Natalie Blackwell,CTO,sharon25@barron.com,C0113,2025-05-10
P0986,Maxwell Shepherd,CEO,whitneypalmer@leach.biz,C0675,2025-05-31
P0987,Luis Marks,Founder,russellmiller@johnson.net,C0193,2025-04-28
P0988,Alexis Thomas,COO,lharvey@hotmail.com,C0470,2025-05-07
P0989,Fred Mercado,CEO,charles12@kelly-randolph.info,C0711,2025-04-30
P0990,Christopher Huber,Founder,richkathryn@gmail.com,C0757,2025-06-28
P0991,Ruth Bryant MD,COO,tiffany05@yahoo.com,C0476,2025-07-15
P0992,Jane Park,CEO,juliarose@palmer.com,C0604,2025-05-05
P0993,Kelly Patterson,COO,andrewlopez@young.com,C0958,2025-06-02
P0994,Brian Chapman,CEO,john87@johnson.com,C0871,2025-07-21
P0995,Matthew Mendoza,CEO,bakergregory@barnes.org,C0652,2025-07-05
P0996,Karen Williamson,CTO,gary56@silva.com,C0489,2025-06-01
P0997,Brian Hart,CTO,robertsonnancy@thornton.com,C0552,2025-06-19
P0998,Daniel Lee,CEO,johnsonrebecca@gmail.com,C0550,2025-06-19
P0999,Kelly Wang,Founder,allenheather@gilbert.net,C0302,2025-05-10
P1000,Nathan Carlson,CTO,tsmith@yahoo.com,C0885,2025-07-10
